Flow Type,Country,Country Code,Total Migrants,Male,Female,Male %,Continent,YEAR
Immigrants,United Kingdom,826,"1,119,737","566,587","553,150",50.6%,Europe,"1,990"
Immigrants,New Zealand,554,"263,301","134,810","128,491",51.2%,Australia,"1,990"
Immigrants,Italy,380,"256,923","138,481","118,442",53.9%,Europe,"1,990"
Immigrants,Greece,300,"137,306","70,301","67,005",51.2%,Europe,"1,990"
Immigrants,Viet Nam,704,"121,046","62,702","58,344",51.8%,Asia,"1,990"
Immigrants,Germany,276,"114,446","55,964","58,482",48.9%,Europe,"1,990"
Immigrants,Netherlands,528,"95,745","50,936","44,809",53.2%,Europe,"1,990"
Immigrants,China,156,"73,079","35,443","37,636",48.5%,Asia,"1,990"
Immigrants,Philippines,608,"71,142","23,761","47,381",33.4%,Asia,"1,990"
Immigrants,Malaysia,458,"70,262","32,812","37,450",46.7%,Asia,"1,990"
Immigrants,Poland,616,"67,785","34,841","32,944",51.4%,Europe,"1,990"
Immigrants,Lebanon,422,"66,656","35,461","31,195",53.2%,Asia,"1,990"
Immigrants,"China, Hong Kong SAR",344,"59,104","29,552","29,552",50.0%,Asia,"1,990"
Immigrants,Serbia,688,"57,213","30,666","26,547",53.6%,Europe,"1,990"
Immigrants,Croatia,191,"55,533","30,043","25,490",54.1%,Europe,"1,990"
Immigrants,India,356,"54,882","30,679","24,203",55.9%,Asia,"1,990"
Immigrants,Malta,470,"54,087","28,558","25,529",52.8%,Europe,"1,990"
Immigrants,Ireland,372,"51,489","26,671","24,818",51.8%,Europe,"1,990"
Immigrants,TFYR Macedonia,807,"49,301","25,982","23,319",52.7%,Europe,"1,990"
Immigrants,United States of America,840,"48,950","26,286","22,664",53.7%,North America,"1,990"
Immigrants,South Africa,710,"46,167","22,853","23,314",49.5%,Africa,"1,990"
Immigrants,Sri Lanka,144,"42,523","21,389","21,134",50.3%,Asia,"1,990"
Immigrants,Indonesia,360,"41,797","21,191","20,606",50.7%,Asia,"1,990"
Immigrants,Egypt,818,"37,470","19,147","18,323",51.1%,Africa,"1,990"
Immigrants,Fiji,242,"33,513","15,718","17,795",46.9%,Oceania,"1,990"
Immigrants,Hungary,348,"30,211","16,707","13,504",55.3%,Europe,"1,990"
Immigrants,Turkey,792,"29,111","14,934","14,177",51.3%,Asia,"1,990"
Immigrants,Chile,152,"26,408","12,808","13,600",48.5%,South America,"1,990"
Immigrants,Papua New Guinea,598,"24,941","11,722","13,219",47.0%,Oceania,"1,990"
Immigrants,Singapore,702,"24,824","11,791","13,033",47.5%,Asia,"1,990"
Immigrants,Austria,40,"24,364","13,278","11,086",54.5%,Europe,"1,990"
Immigrants,Cyprus,196,"24,057","12,413","11,644",51.6%,Asia,"1,990"
Immigrants,Canada,124,"23,243","11,691","11,552",50.3%,North America,"1,990"
Immigrants,Republic of Korea,410,"21,362","10,190","11,172",47.7%,Asia,"1,990"
Immigrants,Japan,392,"21,286","8,749","12,537",41.1%,Asia,"1,990"
Immigrants,Cambodia,116,"21,140","10,570","10,570",50.0%,Asia,"1,990"
Immigrants,Portugal,620,"18,619","9,812","8,807",52.7%,Europe,"1,990"
Immigrants,Ukraine,804,"17,544","8,316","9,228",47.4%,Europe,"1,990"
Immigrants,Mauritius,480,"17,128","8,376","8,752",48.9%,Africa,"1,990"
Immigrants,Russian Federation,643,"15,589","6,563","9,026",42.1%,Europe,"1,990"
Immigrants,Iran,364,"14,854","8,036","6,818",54.1%,Asia,"1,990"
Immigrants,Spain,724,"14,752","7,996","6,756",54.2%,Europe,"1,990"
Immigrants,Taiwan,158,"14,440","7,018","7,422",48.6%,Asia,"1,990"
Immigrants,Bosnia and Herzegovina,70,"13,992","7,318","6,674",52.3%,Europe,"1,990"
Immigrants,Czech Republic,203,"13,964","7,904","6,060",56.6%,Europe,"1,990"
Immigrants,Thailand,764,"13,659","5,518","8,141",40.4%,Asia,"1,990"
Immigrants,France,250,"13,349","6,715","6,634",50.3%,Europe,"1,990"
Immigrants,Romania,642,"11,598","6,124","5,474",52.8%,Europe,"1,990"
Immigrants,Argentina,32,"11,476","5,681","5,795",49.5%,South America,"1,990"
Immigrants,Latvia,428,"11,447","5,918","5,529",51.7%,Europe,"1,990"
Immigrants,Uruguay,858,"11,124","5,451","5,673",49.0%,South America,"1,990"
Immigrants,Laos,418,"11,064","5,742","5,322",51.9%,Asia,"1,990"
Immigrants,El Salvador,222,"10,849","5,359","5,490",49.4%,Central America,"1,990"
Immigrants,Slovenia,705,"10,038","5,481","4,557",54.6%,Europe,"1,990"
Immigrants,Switzerland,756,"9,845","5,385","4,460",54.7%,Europe,"1,990"
Immigrants,Finland,246,"9,389","4,732","4,657",50.4%,Europe,"1,990"
Immigrants,Denmark,208,"9,385","5,265","4,120",56.1%,Europe,"1,990"
Immigrants,Iraq,368,"9,359","5,344","4,015",57.1%,Asia,"1,990"
Immigrants,Myanmar,104,"8,763","4,250","4,513",48.5%,Asia,"1,990"
Immigrants,Samoa,882,"7,863","3,656","4,207",46.5%,Oceania,"1,990"
Immigrants,Tonga,776,"7,089","3,261","3,828",46.0%,Oceania,"1,990"
Immigrants,Montenegro,499,"6,958","3,743","3,215",53.8%,Europe,"1,990"
Immigrants,Zimbabwe,716,"6,744","3,453","3,291",51.2%,Africa,"1,990"
Immigrants,Israel,376,"6,191","3,386","2,805",54.7%,Asia,"1,990"
Immigrants,Lithuania,440,"5,750","3,162","2,588",55.0%,Europe,"1,990"
Immigrants,Syrian Arab Republic,760,"5,630","2,809","2,821",49.9%,Asia,"1,990"
Immigrants,Slovakia,703,"5,576","3,189","2,387",57.2%,Europe,"1,990"
Immigrants,Sweden,752,"5,265","2,864","2,401",54.4%,Europe,"1,990"
Immigrants,Pakistan,586,"5,079","2,926","2,153",57.6%,Asia,"1,990"
Immigrants,Belgium,56,"4,565","2,205","2,360",48.3%,Europe,"1,990"
Immigrants,Peru,604,"4,190","1,869","2,321",44.6%,South America,"1,990"
Immigrants,Kenya,404,"4,190","2,296","1,894",54.8%,Africa,"1,990"
Immigrants,Afghanistan,4,"3,929","2,208","1,721",56.2%,Asia,"1,990"
Immigrants,Bangladesh,50,"3,071","1,987","1,084",64.7%,Asia,"1,990"
Immigrants,State of Palestine,275,"3,057","1,767","1,290",57.8%,Asia,"1,990"
Immigrants,Seychelles,690,"2,894","1,395","1,499",48.2%,Africa,"1,990"
Immigrants,Estonia,233,"2,805","1,304","1,501",46.5%,Europe,"1,990"
Immigrants,Norway,578,"2,299","1,333",966,58.0%,Europe,"1,990"
Immigrants,Jordan,400,"2,294","1,305",989,56.9%,Asia,"1,990"
Immigrants,Zambia,894,"2,262","1,147","1,115",50.7%,Africa,"1,990"
Immigrants,Bulgaria,100,"2,196","1,291",905,58.8%,Europe,"1,990"
Immigrants,Brazil,76,"2,122",985,"1,137",46.4%,South America,"1,990"
Immigrants,"China, Macao SAR",446,"1,753",806,947,46.0%,Asia,"1,990"
Immigrants,Colombia,170,"1,610",755,855,46.9%,South America,"1,990"
Immigrants,Brunei Darussalam,96,"1,545",802,743,51.9%,Asia,"1,990"
Immigrants,Ethiopia,231,"1,491",805,686,54.0%,Africa,"1,990"
Immigrants,Sudan,729,"1,375",785,590,57.1%,Africa,"1,990"
Immigrants,Tanzania,834,"1,358",785,573,57.8%,Africa,"1,990"
Immigrants,Somalia,706,"1,273",673,600,52.9%,Africa,"1,990"
Immigrants,Trinidad and Tobago,780,"1,220",617,603,50.6%,North America,"1,990"
Immigrants,Ecuador,218,"1,183",599,584,50.6%,South America,"1,990"
Immigrants,Kuwait,414,"1,159",617,542,53.2%,Asia,"1,990"
Immigrants,Ghana,288,"1,114",648,466,58.2%,Africa,"1,990"
Immigrants,New Caledonia,540,"1,076",450,626,41.8%,Oceania,"1,990"
Immigrants,Belarus,112,"1,075",510,565,47.4%,Europe,"1,990"
Immigrants,Solomon Islands,90,"1,067",366,701,34.3%,Oceania,"1,990"
Immigrants,Morocco,504,"1,029",691,338,67.2%,Africa,"1,990"
Immigrants,Libya,434,"1,021",568,453,55.6%,Africa,"1,990"
Immigrants,Uganda,800,995,556,439,55.9%,Africa,"1,990"
Immigrants,Nigeria,566,927,580,347,62.6%,Africa,"1,990"
Immigrants,Vanuatu,548,921,284,637,30.8%,Oceania,"1,990"
Immigrants,Eritrea,232,865,457,408,52.8%,Africa,"1,990"
Immigrants,Nicaragua,558,858,412,446,48.0%,Central America,"1,990"
Immigrants,Jamaica,388,835,428,407,51.3%,North America,"1,990"
Immigrants,Albania,8,822,478,344,58.2%,Europe,"1,990"
Immigrants,Nepal,524,799,558,241,69.8%,Asia,"1,990"
Immigrants,Armenia,51,797,402,395,50.4%,Asia,"1,990"
Immigrants,Algeria,12,696,454,242,65.2%,Africa,"1,990"
Immigrants,Mexico,484,632,301,331,47.6%,North America,"1,990"
Immigrants,Saudi Arabia,682,599,379,220,63.3%,Asia,"1,990"
Immigrants,United Arab Emirates,784,545,318,227,58.3%,Asia,"1,990"
Immigrants,Bolivia,68,534,264,270,49.4%,South America,"1,990"
Immigrants,Venezuela,862,501,236,265,47.1%,South America,"1,990"
Immigrants,Bahrain,48,483,266,217,55.1%,Asia,"1,990"
Immigrants,Guyana,328,480,215,265,44.8%,South America,"1,990"
Immigrants,Tunisia,788,461,283,178,61.4%,Africa,"1,990"
Immigrants,Cuba,192,423,216,207,51.1%,North America,"1,990"
Immigrants,Mozambique,508,397,218,179,54.9%,Africa,"1,990"
Immigrants,Angola,24,359,190,169,52.9%,Africa,"1,990"
Immigrants,Kiribati,296,350,105,245,30.0%,Oceania,"1,990"
Immigrants,Barbados,52,341,194,147,56.9%,North America,"1,990"
Immigrants,Malawi,454,329,171,158,52.0%,Africa,"1,990"
Immigrants,Costa Rica,188,323,185,138,57.3%,Central America,"1,990"
Immigrants,Iceland,352,289,159,130,55.0%,Europe,"1,990"
Immigrants,Republic of Moldova,498,285,143,142,50.2%,Europe,"1,990"
Immigrants,Paraguay,600,272,130,142,47.8%,South America,"1,990"
Immigrants,Bahamas,44,218,100,118,45.9%,North America,"1,990"
Immigrants,Guatemala,320,218,105,113,48.2%,Central America,"1,990"
Immigrants,French Polynesia,258,212,86,126,40.6%,Oceania,"1,990"
Immigrants,Namibia,516,207,106,101,51.2%,Africa,"1,990"
Immigrants,Yemen,887,203,118,85,58.1%,Asia,"1,990"
Immigrants,Uzbekistan,860,193,98,95,50.8%,Asia,"1,990"
Immigrants,D.R. Congo,180,183,92,91,50.3%,Africa,"1,990"
Immigrants,Senegal,686,156,100,56,64.1%,Africa,"1,990"
Immigrants,Honduras,340,141,73,68,51.8%,Central America,"1,990"
Immigrants,Georgia,268,130,64,66,49.2%,Asia,"1,990"
Immigrants,Maldives,462,128,51,77,39.8%,Asia,"1,990"
Immigrants,Botswana,72,115,69,46,60.0%,Africa,"1,990"
Immigrants,Swaziland,748,114,59,55,51.8%,Africa,"1,990"
Immigrants,Madagascar,450,114,58,56,50.9%,Africa,"1,990"
Immigrants,Panama,591,106,62,44,58.5%,Central America,"1,990"
Immigrants,Luxembourg,442,103,49,54,47.6%,Europe,"1,990"
Immigrants,Sierra Leone,694,97,52,45,53.6%,Africa,"1,990"
Immigrants,Mongolia,496,97,39,58,40.2%,Asia,"1,990"
Immigrants,Qatar,634,94,58,36,61.7%,Asia,"1,990"
Immigrants,Kazakhstan,398,94,38,56,40.4%,Asia,"1,990"
Immigrants,Grenada,308,87,41,46,47.1%,North America,"1,990"
Immigrants,Curaçao,531,81,36,45,44.4%,America,"1,990"
Immigrants,Oman,512,74,46,28,62.2%,Asia,"1,990"
Immigrants,Haiti,332,72,29,43,40.3%,North America,"1,990"
Immigrants,Puerto Rico,630,72,26,46,36.1%,North America,"1,990"
Immigrants,Suriname,740,67,31,36,46.3%,South America,"1,990"
Immigrants,Aruba,533,60,37,23,61.7%,North America,"1,990"
Immigrants,Djibouti,262,53,18,35,34.0%,Africa,"1,990"
Immigrants,Saint Vincent and the Grenadines,670,53,30,23,56.6%,North America,"1,990"
Immigrants,Liberia,430,50,26,24,52.0%,Africa,"1,990"
Immigrants,Lesotho,426,46,27,19,58.7%,Africa,"1,990"
Immigrants,Réunion,638,44,17,27,38.6%,Africa,"1,990"
Immigrants,Azerbaijan,31,44,18,26,40.9%,Asia,"1,990"
Immigrants,Belize,84,33,13,20,39.4%,Central America,"1,990"
Immigrants,Dominican Republic,214,29,15,14,51.7%,North America,"1,990"
Immigrants,Bhutan,64,29,17,12,58.6%,Asia,"1,990"
Immigrants,Guam,316,29,12,17,41.4%,Oceania,"1,990"
Immigrants,Côte d'Ivoire,384,21,12,9,57.1%,Africa,"1,990"
Immigrants,Tajikistan,762,19,8,11,42.1%,Asia,"1,990"
Immigrants,Burundi,108,18,10,8,55.6%,Africa,"1,990"
Immigrants,Cameroon,120,12,8,4,66.7%,Africa,"1,990"
Immigrants,Antigua and Barbuda,28,12,4,8,33.3%,North America,"1,990"
Immigrants,Kyrgyzstan,417,12,6,6,50.0%,Asia,"1,990"
Immigrants,Gambia,270,12,7,5,58.3%,Africa,"1,990"
Immigrants,Saint Lucia,662,11,8,3,72.7%,North America,"1,990"
Immigrants,Monaco,492,10,5,5,50.0%,Europe,"1,990"
Immigrants,Central African Republic,140,8,7,1,87.5%,Africa,"1,990"
Immigrants,Chad,148,7,5,2,71.4%,Africa,"1,990"
Immigrants,Turkmenistan,795,6,2,4,33.3%,Asia,"1,990"
Immigrants,Burkina Faso,854,6,5,1,83.3%,Africa,"1,990"
Immigrants,Rwanda,646,3,2,1,66.7%,Africa,"1,990"
Immigrants,Gabon,266,3,2,1,66.7%,Africa,"1,990"
Immigrants,Togo,768,3,2,1,66.7%,Africa,"1,990"
Immigrants,Guinea,324,3,2,1,66.7%,Africa,"1,990"
Immigrants,Benin,204,3,2,1,66.7%,Africa,"1,990"
Emigrants,United Kingdom,826,"71,717","32,201","39,516",44.9%,Europe,"1,990"
Emigrants,New Zealand,554,"48,723","22,802","25,921",46.8%,Australia,"1,990"
Emigrants,Greece,300,"19,643","10,489","9,154",53.4%,Europe,"1,990"
Emigrants,Italy,380,"16,050","6,902","9,148",43.0%,Europe,"1,990"
Emigrants,Papua New Guinea,598,"13,916","8,113","5,803",58.3%,Oceania,"1,990"
Emigrants,Canada,124,"13,712","6,116","7,596",44.6%,North America,"1,990"
Emigrants,China,156,"6,495","3,715","2,780",57.2%,Asia,"1,990"
Emigrants,"China, Hong Kong SAR",344,"6,092","3,509","2,583",57.6%,Asia,"1,990"
Emigrants,Indonesia,360,"6,047","3,169","2,878",52.4%,Asia,"1,990"
Emigrants,Singapore,702,"4,549","2,384","2,165",52.4%,Asia,"1,990"
Emigrants,Ireland,372,"4,510","2,142","2,368",47.5%,Europe,"1,990"
Emigrants,South Africa,710,"4,309","2,103","2,206",48.8%,Africa,"1,990"
Emigrants,Japan,392,"3,687","2,131","1,556",57.8%,Asia,"1,990"
Emigrants,Malta,470,"3,435","1,618","1,817",47.1%,Europe,"1,990"
Emigrants,India,356,"2,632","1,121","1,511",42.6%,Asia,"1,990"
Emigrants,Malaysia,458,"2,426","1,339","1,087",55.2%,Asia,"1,990"
Emigrants,Argentina,32,"2,234","1,099","1,135",49.2%,South America,"1,990"
Emigrants,Israel,376,"1,852",815,"1,037",44.0%,Asia,"1,990"
Emigrants,Serbia,688,"1,519",822,697,54.1%,Europe,"1,990"
Emigrants,Libya,434,"1,499",809,690,54.0%,Africa,"1,990"
Emigrants,Fiji,242,"1,306",687,619,52.6%,Oceania,"1,990"
Emigrants,Philippines,608,"1,058",655,403,61.9%,Asia,"1,990"
Emigrants,Denmark,208,"1,036",487,549,47.0%,Europe,"1,990"
Emigrants,Hungary,348,832,419,413,50.4%,Europe,"1,990"
Emigrants,Norway,578,797,355,442,44.5%,Europe,"1,990"
Emigrants,Namibia,516,793,304,489,38.3%,Africa,"1,990"
Emigrants,Cyprus,196,741,378,363,51.0%,Asia,"1,990"
Emigrants,Peru,604,737,411,326,55.8%,South America,"1,990"
Emigrants,Croatia,191,694,266,428,38.3%,Europe,"1,990"
Emigrants,Chile,152,582,295,287,50.7%,South America,"1,990"
Emigrants,Brazil,76,458,225,233,49.1%,South America,"1,990"
Emigrants,Finland,246,452,233,219,51.5%,Europe,"1,990"
Emigrants,Vanuatu,548,442,262,180,59.3%,Oceania,"1,990"
Emigrants,Timor-Leste,626,425,201,224,47.3%,Asia,"1,990"
Emigrants,Solomon Islands,90,360,204,156,56.7%,Oceania,"1,990"
Emigrants,Portugal,620,348,158,190,45.4%,Europe,"1,990"
Emigrants,Poland,616,304,155,149,51.0%,Europe,"1,990"
Emigrants,Taiwan,158,278,109,169,39.2%,Asia,"1,990"
Emigrants,Egypt,818,269,152,117,56.5%,Africa,"1,990"
Emigrants,Brunei Darussalam,96,262,140,122,53.4%,Asia,"1,990"
Emigrants,Samoa,882,236,135,101,57.2%,Oceania,"1,990"
Emigrants,Slovenia,705,226,103,123,45.6%,Europe,"1,990"
Emigrants,New Caledonia,540,226,102,124,45.1%,Oceania,"1,990"
Emigrants,Azerbaijan,31,210,98,112,46.7%,Asia,"1,990"
Emigrants,Colombia,170,192,94,98,49.0%,South America,"1,990"
Emigrants,Mexico,484,189,77,112,40.7%,North America,"1,990"
Emigrants,Uganda,800,137,63,74,46.0%,Africa,"1,990"
Emigrants,Venezuela,862,131,68,63,51.9%,South America,"1,990"
Emigrants,Montenegro,499,130,43,87,33.1%,Europe,"1,990"
Emigrants,Botswana,72,120,61,59,50.8%,Africa,"1,990"
Emigrants,Panama,591,115,67,48,58.3%,Central America,"1,990"
Emigrants,Dem. People's Republic of Korea,408,96,53,43,55.2%,Asia,"1,990"
Emigrants,Zambia,894,81,39,42,48.1%,Africa,"1,990"
Emigrants,Luxembourg,442,74,35,39,47.3%,Europe,"1,990"
Emigrants,Bolivia,68,74,33,41,44.6%,South America,"1,990"
Emigrants,Costa Rica,188,73,31,42,42.5%,Central America,"1,990"
Emigrants,Dominican Republic,214,67,47,20,70.1%,North America,"1,990"
Emigrants,Seychelles,690,67,30,37,44.8%,Africa,"1,990"
Emigrants,Kiribati,296,64,40,24,62.5%,Oceania,"1,990"
Emigrants,French Polynesia,258,63,31,32,49.2%,Oceania,"1,990"
Emigrants,Iceland,352,60,23,37,38.3%,Europe,"1,990"
Emigrants,Cambodia,116,54,34,20,63.0%,Asia,"1,990"
Emigrants,Sri Lanka,144,51,32,19,62.7%,Asia,"1,990"
Emigrants,Guatemala,320,47,19,28,40.4%,Central America,"1,990"
Emigrants,Latvia,428,45,26,19,57.8%,Europe,"1,990"
Emigrants,Maldives,462,37,20,17,54.1%,Asia,"1,990"
Emigrants,El Salvador,222,33,13,20,39.4%,Central America,"1,990"
Emigrants,Bahamas,44,27,14,13,51.9%,North America,"1,990"
Emigrants,Barbados,52,24,12,12,50.0%,North America,"1,990"
Emigrants,Lithuania,440,22,13,9,59.1%,Europe,"1,990"
Emigrants,Belarus,112,21,12,9,57.1%,Europe,"1,990"
Emigrants,Slovakia,703,18,8,10,44.4%,Europe,"1,990"
Emigrants,Laos,418,18,10,8,55.6%,Asia,"1,990"
Emigrants,Ghana,288,17,5,12,29.4%,Africa,"1,990"
Emigrants,Bulgaria,100,13,9,4,69.2%,Europe,"1,990"
Emigrants,Bhutan,64,12,10,2,83.3%,Asia,"1,990"
Emigrants,Central African Republic,140,9,9,0,100.0%,Africa,"1,990"
Emigrants,Swaziland,748,8,8,0,100.0%,Africa,"1,990"
Emigrants,Ecuador,218,8,5,3,62.5%,South America,"1,990"
Emigrants,Antigua and Barbuda,28,7,3,4,42.9%,North America,"1,990"
Emigrants,Saint Lucia,662,7,2,5,28.6%,North America,"1,990"
Emigrants,Mongolia,496,3,2,1,66.7%,Asia,"1,990"
Immigrants,United Kingdom,826,1154167,582854,571313,50.5,Europe,"1,995"
Immigrants,New Zealand,554,304515,155912,148603,51.2,Australia,"1,995"
Immigrants,Italy,380,251302,134447,116855,53.5,Europe,"1,995"
Immigrants,Viet Nam,704,150852,76180,74672,50.5,Asia,"1,995"
Immigrants,Greece,300,137763,70397,67366,51.1,Europe,"1,995"
Immigrants,Germany,276,120547,58827,61720,48.8,Europe,"1,995"
Immigrants,China,156,109378,52939,56439,48.4,Asia,"1,995"
Immigrants,Philippines,608,97920,33684,64236,34.4,Asia,"1,995"
Immigrants,Netherlands,528,96254,50726,45528,52.7,Europe,"1,995"
Immigrants,Malaysia,458,80482,37585,42897,46.7,Asia,"1,995"
Immigrants,India,356,76321,40221,36100,52.7,Asia,"1,995"
Immigrants,Lebanon,422,75884,39915,35969,52.6,Asia,"1,995"
Immigrants,"China, Hong Kong SAR",344,72273,35847,36426,49.6,Asia,"1,995"
Immigrants,Poland,616,71775,35457,36318,49.4,Europe,"1,995"
Immigrants,South Africa,710,59022,29039,29983,49.2,Africa,"1,995"
Immigrants,Croatia,191,57434,30325,27109,52.8,Europe,"1,995"
Immigrants,Malta,470,55588,29184,26404,52.5,Europe,"1,995"
Immigrants,United States of America,840,54904,29044,25860,52.9,North America,"1,995"
Immigrants,Ireland,372,53596,27977,25619,52.2,Europe,"1,995"
Immigrants,Sri Lanka,144,51943,26283,25660,50.6,Asia,"1,995"
Immigrants,Serbia,688,50798,26567,24231,52.3,Europe,"1,995"
Immigrants,TFYR Macedonia,807,49600,25742,23858,51.9,Europe,"1,995"
Immigrants,Indonesia,360,47200,23553,23647,49.9,Asia,"1,995"
Immigrants,Fiji,242,39284,18463,20821,47,Oceania,"1,995"
Immigrants,Egypt,818,38550,19776,18774,51.3,Africa,"1,995"
Immigrants,Turkey,792,31349,16301,15048,52,Asia,"1,995"
Immigrants,Singapore,702,29696,13987,15709,47.1,Asia,"1,995"
Immigrants,Republic of Korea,410,29158,14025,15133,48.1,Asia,"1,995"
Immigrants,Hungary,348,28116,15211,12905,54.1,Europe,"1,995"
Immigrants,Canada,124,27132,13268,13864,48.9,North America,"1,995"
Immigrants,Chile,152,26944,13041,13903,48.4,South America,"1,995"
Immigrants,Papua New Guinea,598,26204,12211,13993,46.6,Oceania,"1,995"
Immigrants,Japan,392,25256,10153,15103,40.2,Asia,"1,995"
Immigrants,Cyprus,196,23367,11894,11473,50.9,Asia,"1,995"
Immigrants,Cambodia,116,23312,11446,11866,49.1,Asia,"1,995"
Immigrants,Austria,40,22990,12323,10667,53.6,Europe,"1,995"
Immigrants,Thailand,764,18987,7348,11639,38.7,Asia,"1,995"
Immigrants,Mauritius,480,18945,9226,9719,48.7,Africa,"1,995"
Immigrants,Portugal,620,18638,9729,8909,52.2,Europe,"1,995"
Immigrants,Iran,364,18533,10008,8525,54,Asia,"1,995"
Immigrants,Bosnia and Herzegovina,70,17878,9189,8689,51.4,Europe,"1,995"
Immigrants,Taiwan,158,17876,8277,9599,46.3,Asia,"1,995"
Immigrants,Ukraine,804,17194,8047,9147,46.8,Europe,"1,995"
Immigrants,Russian Federation,643,16829,7018,9811,41.7,Europe,"1,995"
Immigrants,France,250,16013,8087,7926,50.5,Europe,"1,995"
Immigrants,Spain,724,14782,7879,6903,53.3,Europe,"1,995"
Immigrants,Iraq,368,13845,7822,6023,56.5,Asia,"1,995"
Immigrants,Czech Republic,203,13817,7558,6259,54.7,Europe,"1,995"
Immigrants,Romania,642,12708,6595,6113,51.9,Europe,"1,995"
Immigrants,Argentina,32,12098,5976,6122,49.4,South America,"1,995"
Immigrants,Laos,418,11088,5633,5455,50.8,Asia,"1,995"
Immigrants,Uruguay,858,11053,5394,5659,48.8,South America,"1,995"
Immigrants,Myanmar,104,11020,5378,5642,48.8,Asia,"1,995"
Immigrants,El Salvador,222,10890,5347,5543,49.1,Central America,"1,995"
Immigrants,Switzerland,756,10748,5825,4923,54.2,Europe,"1,995"
Immigrants,Samoa,882,10039,4738,5301,47.2,Oceania,"1,995"
Immigrants,Zimbabwe,716,9840,4959,4881,50.4,Africa,"1,995"
Immigrants,Denmark,208,9670,5299,4371,54.8,Europe,"1,995"
Immigrants,Slovenia,705,9611,5151,4460,53.6,Europe,"1,995"
Immigrants,Latvia,428,9579,4732,4847,49.4,Europe,"1,995"
Immigrants,Finland,246,9390,4488,4902,47.8,Europe,"1,995"
Immigrants,Pakistan,586,7954,4621,3333,58.1,Asia,"1,995"
Immigrants,Tonga,776,7731,3688,4043,47.7,Oceania,"1,995"
Immigrants,Israel,376,7053,3844,3209,54.5,Asia,"1,995"
Immigrants,Syrian Arab Republic,760,6443,3254,3189,50.5,Asia,"1,995"
Immigrants,Afghanistan,4,6337,3359,2978,53,Asia,"1,995"
Immigrants,Sweden,752,6156,3207,2949,52.1,Europe,"1,995"
Immigrants,Kenya,404,5799,3021,2778,52.1,Africa,"1,995"
Immigrants,Slovakia,703,5741,3163,2578,55.1,Europe,"1,995"
Immigrants,Montenegro,499,5263,2789,2474,53,Europe,"1,995"
Immigrants,Peru,604,5103,2266,2837,44.4,South America,"1,995"
Immigrants,Belgium,56,4991,2426,2565,48.6,Europe,"1,995"
Immigrants,Bangladesh,50,4950,2930,2020,59.2,Asia,"1,995"
Immigrants,Lithuania,440,4916,2561,2355,52.1,Europe,"1,995"
Immigrants,Brazil,76,3446,1606,1840,46.6,South America,"1,995"
Immigrants,State of Palestine,275,3087,1775,1312,57.5,Asia,"1,995"
Immigrants,Seychelles,690,2918,1389,1529,47.6,Africa,"1,995"
Immigrants,Zambia,894,2855,1439,1416,50.4,Africa,"1,995"
Immigrants,Jordan,400,2809,1559,1250,55.5,Asia,"1,995"
Immigrants,Norway,578,2647,1480,1167,55.9,Europe,"1,995"
Immigrants,Colombia,170,2603,1247,1356,47.9,South America,"1,995"
Immigrants,Estonia,233,2547,1164,1383,45.7,Europe,"1,995"
Immigrants,Bulgaria,100,2495,1407,1088,56.4,Europe,"1,995"
Immigrants,Ethiopia,231,2306,1234,1072,53.5,Africa,"1,995"
Immigrants,Sudan,729,2214,1173,1041,53,Africa,"1,995"
Immigrants,"China, Macao SAR",446,1912,876,1036,45.8,Asia,"1,995"
Immigrants,Brunei Darussalam,96,1791,917,874,51.2,Asia,"1,995"
Immigrants,Somalia,706,1768,960,808,54.3,Africa,"1,995"
Immigrants,Tanzania,834,1723,956,767,55.5,Africa,"1,995"
Immigrants,Kuwait,414,1615,833,782,51.6,Asia,"1,995"
Immigrants,Ghana,288,1537,931,606,60.6,Africa,"1,995"
Immigrants,Nigeria,566,1385,837,548,60.4,Africa,"1,995"
Immigrants,Ecuador,218,1343,674,669,50.2,South America,"1,995"
Immigrants,Trinidad and Tobago,780,1324,667,657,50.4,North America,"1,995"
Immigrants,Uganda,800,1295,708,587,54.7,Africa,"1,995"
Immigrants,Nepal,524,1294,906,388,70,Asia,"1,995"
Immigrants,Solomon Islands,90,1255,471,784,37.5,Oceania,"1,995"
Immigrants,Belarus,112,1238,571,667,46.1,Europe,"1,995"
Immigrants,Libya,434,1236,682,554,55.2,Africa,"1,995"
Immigrants,Eritrea,232,1184,625,559,52.8,Africa,"1,995"
Immigrants,Morocco,504,1182,738,444,62.4,Africa,"1,995"
Immigrants,New Caledonia,540,1142,484,658,42.4,Oceania,"1,995"
Immigrants,Albania,8,1119,673,446,60.1,Europe,"1,995"
Immigrants,Vanuatu,548,1002,365,637,36.4,Oceania,"1,995"
Immigrants,Saudi Arabia,682,965,516,449,53.5,Asia,"1,995"
Immigrants,Mexico,484,961,433,528,45.1,North America,"1,995"
Immigrants,Jamaica,388,895,451,444,50.4,North America,"1,995"
Immigrants,Armenia,51,885,435,450,49.2,Asia,"1,995"
Immigrants,United Arab Emirates,784,882,469,413,53.2,Asia,"1,995"
Immigrants,Nicaragua,558,851,406,445,47.7,Central America,"1,995"
Immigrants,Algeria,12,820,512,308,62.4,Africa,"1,995"
Immigrants,Venezuela,862,796,378,418,47.5,South America,"1,995"
Immigrants,Bahrain,48,623,329,294,52.8,Asia,"1,995"
Immigrants,Bolivia,68,608,297,311,48.8,South America,"1,995"
Immigrants,Guyana,328,507,229,278,45.2,South America,"1,995"
Immigrants,Cuba,192,494,256,238,51.8,North America,"1,995"
Immigrants,Tunisia,788,493,292,201,59.2,Africa,"1,995"
Immigrants,Mozambique,508,480,258,222,53.8,Africa,"1,995"
Immigrants,Malawi,454,437,234,203,53.5,Africa,"1,995"
Immigrants,Kiribati,296,395,128,267,32.4,Oceania,"1,995"
Immigrants,Angola,24,391,206,185,52.7,Africa,"1,995"
Immigrants,Republic of Moldova,498,387,189,198,48.8,Europe,"1,995"
Immigrants,Barbados,52,359,208,151,57.9,North America,"1,995"
Immigrants,Iceland,352,356,194,162,54.5,Europe,"1,995"
Immigrants,Costa Rica,188,348,195,153,56,Central America,"1,995"
Immigrants,Namibia,516,308,151,157,49,Africa,"1,995"
Immigrants,Paraguay,600,306,144,162,47.1,South America,"1,995"
Immigrants,Uzbekistan,860,305,156,149,51.1,Asia,"1,995"
Immigrants,D.R. Congo,180,296,149,147,50.3,Africa,"1,995"
Immigrants,Yemen,887,263,156,107,59.3,Asia,"1,995"
Immigrants,Guatemala,320,256,123,133,48,Central America,"1,995"
Immigrants,French Polynesia,258,255,112,143,43.9,Oceania,"1,995"
Immigrants,Bahamas,44,229,105,124,45.9,North America,"1,995"
Immigrants,Senegal,686,191,110,81,57.6,Africa,"1,995"
Immigrants,Botswana,72,185,103,82,55.7,Africa,"1,995"
Immigrants,Maldives,462,180,79,101,43.9,Asia,"1,995"
Immigrants,Georgia,268,179,91,88,50.8,Asia,"1,995"
Immigrants,Honduras,340,162,76,86,46.9,Central America,"1,995"
Immigrants,Mongolia,496,159,82,77,51.6,Asia,"1,995"
Immigrants,Sierra Leone,694,158,85,73,53.8,Africa,"1,995"
Immigrants,Kazakhstan,398,152,61,91,40.1,Asia,"1,995"
Immigrants,Qatar,634,152,90,62,59.2,Asia,"1,995"
Immigrants,Swaziland,748,146,74,72,50.7,Africa,"1,995"
Immigrants,Madagascar,450,137,72,65,52.6,Africa,"1,995"
Immigrants,Panama,591,128,62,66,48.4,Central America,"1,995"
Immigrants,Luxembourg,442,123,59,64,48,Europe,"1,995"
Immigrants,Oman,512,119,69,50,58,Asia,"1,995"
Immigrants,Grenada,308,94,45,49,47.9,North America,"1,995"
Immigrants,Curaçao,531,89,39,50,43.8,America,"1,995"
Immigrants,Puerto Rico,630,88,34,54,38.6,North America,"1,995"
Immigrants,Liberia,430,81,49,32,60.5,Africa,"1,995"
Immigrants,Suriname,740,79,31,48,39.2,South America,"1,995"
Immigrants,Haiti,332,79,33,46,41.8,North America,"1,995"
Immigrants,Azerbaijan,31,71,33,38,46.5,Asia,"1,995"
Immigrants,Djibouti,262,69,21,48,30.4,Africa,"1,995"
Immigrants,Réunion,638,63,25,38,39.7,Africa,"1,995"
Immigrants,Aruba,533,60,34,26,56.7,North America,"1,995"
Immigrants,Lesotho,426,59,31,28,52.5,Africa,"1,995"
Immigrants,Saint Vincent and the Grenadines,670,55,27,28,49.1,North America,"1,995"
Immigrants,Bhutan,64,48,36,12,75,Asia,"1,995"
Immigrants,Dominican Republic,214,43,22,21,51.2,North America,"1,995"
Immigrants,Belize,84,39,11,28,28.2,Central America,"1,995"
Immigrants,Guam,316,39,17,22,43.6,Oceania,"1,995"
Immigrants,Côte d'Ivoire,384,33,19,14,57.6,Africa,"1,995"
Immigrants,Tajikistan,762,29,12,17,41.4,Asia,"1,995"
Immigrants,Burundi,108,29,18,11,62.1,Africa,"1,995"
Immigrants,Gambia,270,19,11,8,57.9,Africa,"1,995"
Immigrants,Cameroon,120,19,13,6,68.4,Africa,"1,995"
Immigrants,Kyrgyzstan,417,19,10,9,52.6,Asia,"1,995"
Immigrants,Antigua and Barbuda,28,15,5,10,33.3,North America,"1,995"
Immigrants,Monaco,492,14,7,7,50,Europe,"1,995"
Immigrants,Saint Lucia,662,14,6,8,42.9,North America,"1,995"
Immigrants,Burkina Faso,854,10,7,3,70,Africa,"1,995"
Immigrants,Turkmenistan,795,10,3,7,30,Asia,"1,995"
Immigrants,Chad,148,10,6,4,60,Africa,"1,995"
Immigrants,Central African Republic,140,10,8,2,80,Africa,"1,995"
Immigrants,Rwanda,646,5,3,2,60,Africa,"1,995"
Immigrants,Benin,204,5,4,1,80,Africa,"1,995"
Immigrants,Guinea,324,5,3,2,60,Africa,"1,995"
Immigrants,Gabon,266,5,3,2,60,Africa,"1,995"
Immigrants,Togo,768,5,3,2,60,Africa,"1,995"
Emigrants,United Kingdom,826,86757,38954,47803,44.9,Europe,"1,995"
Emigrants,New Zealand,554,53903,25173,28730,46.7,Australia,"1,995"
Emigrants,Greece,300,19792,9936,9856,50.2,Europe,"1,995"
Emigrants,Italy,380,17113,7478,9635,43.7,Europe,"1,995"
Emigrants,Canada,124,14771,6795,7976,46,North America,"1,995"
Emigrants,Papua New Guinea,598,14258,8669,5589,60.8,Oceania,"1,995"
Emigrants,China,156,7703,4414,3289,57.3,Asia,"1,995"
Emigrants,"China, Hong Kong SAR",344,6799,3896,2903,57.3,Asia,"1,995"
Emigrants,Indonesia,360,6776,3551,3225,52.4,Asia,"1,995"
Emigrants,Singapore,702,6072,3182,2890,52.4,Asia,"1,995"
Emigrants,Japan,392,5790,3312,2478,57.2,Asia,"1,995"
Emigrants,Ireland,372,4329,2052,2277,47.4,Europe,"1,995"
Emigrants,Malta,470,4022,1927,2095,47.9,Europe,"1,995"
Emigrants,South Africa,710,3788,1860,1928,49.1,Africa,"1,995"
Emigrants,Malaysia,458,2429,1341,1088,55.2,Asia,"1,995"
Emigrants,Israel,376,2291,1036,1255,45.2,Asia,"1,995"
Emigrants,Argentina,32,1968,917,1051,46.6,South America,"1,995"
Emigrants,Philippines,608,1646,1034,612,62.8,Asia,"1,995"
Emigrants,India,356,1626,730,896,44.9,Asia,"1,995"
Emigrants,Fiji,242,1405,740,665,52.7,Oceania,"1,995"
Emigrants,Denmark,208,1330,662,668,49.8,Europe,"1,995"
Emigrants,Cyprus,196,1048,514,534,49,Asia,"1,995"
Emigrants,Libya,434,1016,569,447,56,Africa,"1,995"
Emigrants,Norway,578,878,397,481,45.2,Europe,"1,995"
Emigrants,Serbia,688,782,381,401,48.7,Europe,"1,995"
Emigrants,Croatia,191,764,306,458,40.1,Europe,"1,995"
Emigrants,Namibia,516,758,294,464,38.8,Africa,"1,995"
Emigrants,Portugal,620,751,341,410,45.4,Europe,"1,995"
Emigrants,Chile,152,737,377,360,51.2,South America,"1,995"
Emigrants,Hungary,348,737,365,372,49.5,Europe,"1,995"
Emigrants,Peru,604,678,378,300,55.8,South America,"1,995"
Emigrants,Finland,246,502,272,230,54.2,Europe,"1,995"
Emigrants,Taiwan,158,471,312,159,66.2,Asia,"1,995"
Emigrants,Timor-Leste,626,451,204,247,45.2,Asia,"1,995"
Emigrants,Brazil,76,445,219,226,49.2,South America,"1,995"
Emigrants,Vanuatu,548,445,235,210,52.8,Oceania,"1,995"
Emigrants,Poland,616,408,207,201,50.7,Europe,"1,995"
Emigrants,Brunei Darussalam,96,372,201,171,54,Asia,"1,995"
Emigrants,Egypt,818,372,219,153,58.9,Africa,"1,995"
Emigrants,Solomon Islands,90,356,202,154,56.7,Oceania,"1,995"
Emigrants,Samoa,882,330,188,142,57,Oceania,"1,995"
Emigrants,New Caledonia,540,262,116,146,44.3,Oceania,"1,995"
Emigrants,Mexico,484,231,100,131,43.3,North America,"1,995"
Emigrants,Slovenia,705,220,105,115,47.7,Europe,"1,995"
Emigrants,Colombia,170,219,103,116,47,South America,"1,995"
Emigrants,Azerbaijan,31,186,87,99,46.8,Asia,"1,995"
Emigrants,Cambodia,116,142,89,53,62.7,Asia,"1,995"
Emigrants,Uganda,800,137,63,74,46,Africa,"1,995"
Emigrants,Montenegro,499,130,43,87,33.1,Europe,"1,995"
Emigrants,Venezuela,862,129,67,62,51.9,South America,"1,995"
Emigrants,Bolivia,68,115,53,62,46.1,South America,"1,995"
Emigrants,Dem. People's Republic of Korea,408,112,61,51,54.5,Asia,"1,995"
Emigrants,Botswana,72,111,55,56,49.5,Africa,"1,995"
Emigrants,Sri Lanka,144,100,69,31,69,Asia,"1,995"
Emigrants,Slovakia,703,85,43,42,50.6,Europe,"1,995"
Emigrants,Zambia,894,81,39,42,48.1,Africa,"1,995"
Emigrants,Panama,591,79,47,32,59.5,Central America,"1,995"
Emigrants,Dominican Republic,214,75,52,23,69.3,North America,"1,995"
Emigrants,Kiribati,296,75,42,33,56,Oceania,"1,995"
Emigrants,Luxembourg,442,70,34,36,48.6,Europe,"1,995"
Emigrants,French Polynesia,258,69,34,35,49.3,Oceania,"1,995"
Emigrants,Latvia,428,69,40,29,58,Europe,"1,995"
Emigrants,Ecuador,218,63,35,28,55.6,South America,"1,995"
Emigrants,Iceland,352,61,24,37,39.3,Europe,"1,995"
Emigrants,Seychelles,690,59,31,28,52.5,Africa,"1,995"
Emigrants,Costa Rica,188,50,23,27,46,Central America,"1,995"
Emigrants,Guatemala,320,46,22,24,47.8,Central America,"1,995"
Emigrants,Bahamas,44,46,23,23,50,North America,"1,995"
Emigrants,Maldives,462,43,21,22,48.8,Asia,"1,995"
Emigrants,Bulgaria,100,40,23,17,57.5,Europe,"1,995"
Emigrants,El Salvador,222,27,10,17,37,Central America,"1,995"
Emigrants,Barbados,52,26,13,13,50,North America,"1,995"
Emigrants,Lithuania,440,25,14,11,56,Europe,"1,995"
Emigrants,Belarus,112,25,12,13,48,Europe,"1,995"
Emigrants,Laos,418,18,10,8,55.6,Asia,"1,995"
Emigrants,Ghana,288,17,6,11,35.3,Africa,"1,995"
Emigrants,Bhutan,64,15,12,3,80,Asia,"1,995"
Emigrants,Central African Republic,140,13,9,4,69.2,Africa,"1,995"
Emigrants,Saint Lucia,662,9,3,6,33.3,North America,"1,995"
Emigrants,Antigua and Barbuda,28,7,3,4,42.9,North America,"1,995"
Emigrants,Swaziland,748,6,5,1,83.3,Africa,"1,995"
Emigrants,Mongolia,496,3,3,0,100,Asia,"1,995"
Immigrants,United Kingdom,826,1128760,568895,559865,50.4,Europe,"2,000"
Immigrants,New Zealand,554,366287,187173,179114,51.1,Australia,"2,000"
Immigrants,Italy,380,233953,123761,110192,52.9,Europe,"2,000"
Immigrants,Viet Nam,704,163672,80527,83145,49.2,Asia,"2,000"
Immigrants,China,156,144919,69126,75793,47.7,Asia,"2,000"
Immigrants,Greece,300,130671,66250,64421,50.7,Europe,"2,000"
Immigrants,Germany,276,118965,57936,61029,48.7,Europe,"2,000"
Immigrants,Philippines,608,112172,39036,73136,34.8,Asia,"2,000"
Immigrants,Netherlands,528,92763,48422,44341,52.2,Europe,"2,000"
Immigrants,India,356,91042,47524,43518,52.2,Asia,"2,000"
Immigrants,Malaysia,458,84788,39766,45022,46.9,Asia,"2,000"
Immigrants,South Africa,710,80607,39820,40787,49.4,Africa,"2,000"
Immigrants,Lebanon,422,79118,41379,37739,52.3,Asia,"2,000"
Immigrants,"China, Hong Kong SAR",344,75247,37097,38150,49.3,Asia,"2,000"
Immigrants,Poland,616,66880,31835,35045,47.6,Europe,"2,000"
Immigrants,United States of America,840,59703,30747,28956,51.5,North America,"2,000"
Immigrants,Sri Lanka,144,58427,29681,28746,50.8,Asia,"2,000"
Immigrants,Croatia,191,58254,30583,27671,52.5,Europe,"2,000"
Immigrants,Indonesia,360,56595,27222,29373,48.1,Asia,"2,000"
Immigrants,Ireland,372,53566,27801,25765,51.9,Europe,"2,000"
Immigrants,Malta,470,52561,27437,25124,52.2,Europe,"2,000"
Immigrants,Serbia,688,52020,27050,24970,52,Europe,"2,000"
Immigrants,TFYR Macedonia,807,49652,25670,23982,51.7,Europe,"2,000"
Immigrants,Fiji,242,46792,22039,24753,47.1,Oceania,"2,000"
Immigrants,Egypt,818,37608,19255,18353,51.2,Africa,"2,000"
Immigrants,Republic of Korea,410,36381,17063,19318,46.9,Asia,"2,000"
Immigrants,Singapore,702,34354,16043,18311,46.7,Asia,"2,000"
Immigrants,Turkey,792,34021,17487,16534,51.4,Asia,"2,000"
Immigrants,Canada,124,30253,14642,15611,48.4,North America,"2,000"
Immigrants,Bosnia and Herzegovina,70,28659,14673,13986,51.2,Europe,"2,000"
Immigrants,Iraq,368,26468,14849,11619,56.1,Asia,"2,000"
Immigrants,Hungary,348,26101,13834,12267,53,Europe,"2,000"
Immigrants,Chile,152,26068,12591,13477,48.3,South America,"2,000"
Immigrants,Papua New Guinea,598,25625,11839,13786,46.2,Oceania,"2,000"
Immigrants,Japan,392,25299,9563,15736,37.8,Asia,"2,000"
Immigrants,Cambodia,116,25052,12100,12952,48.3,Asia,"2,000"
Immigrants,Thailand,764,23113,8552,14561,37,Asia,"2,000"
Immigrants,Cyprus,196,22831,11552,11279,50.6,Asia,"2,000"
Immigrants,Taiwan,158,22681,10615,12066,46.8,Asia,"2,000"
Immigrants,Austria,40,21615,11564,10051,53.5,Europe,"2,000"
Immigrants,Iran,364,21375,11585,9790,54.2,Asia,"2,000"
Immigrants,Mauritius,480,18559,8983,9576,48.4,Africa,"2,000"
Immigrants,France,250,18100,9159,8941,50.6,Europe,"2,000"
Immigrants,Portugal,620,17987,9371,8616,52.1,Europe,"2,000"
Immigrants,Ukraine,804,17041,7754,9287,45.5,Europe,"2,000"
Immigrants,Russian Federation,643,16822,6880,9942,40.9,Europe,"2,000"
Immigrants,Romania,642,14188,7222,6966,50.9,Europe,"2,000"
Immigrants,Spain,724,14182,7460,6722,52.6,Europe,"2,000"
Immigrants,Samoa,882,13171,6388,6783,48.5,Oceania,"2,000"
Immigrants,Czech Republic,203,13107,6960,6147,53.1,Europe,"2,000"
Immigrants,Afghanistan,4,12511,7319,5192,58.5,Asia,"2,000"
Immigrants,Zimbabwe,716,12139,6118,6021,50.4,Africa,"2,000"
Immigrants,Myanmar,104,12115,5997,6118,49.5,Asia,"2,000"
Immigrants,Switzerland,756,12063,6478,5585,53.7,Europe,"2,000"
Immigrants,Argentina,32,12032,5920,6112,49.2,South America,"2,000"
Immigrants,Pakistan,586,11043,6372,4671,57.7,Asia,"2,000"
Immigrants,El Salvador,222,10670,5196,5474,48.7,Central America,"2,000"
Immigrants,Uruguay,858,10563,5155,5408,48.8,South America,"2,000"
Immigrants,Laos,418,10449,5193,5256,49.7,Asia,"2,000"
Immigrants,Denmark,208,9939,5417,4522,54.5,Europe,"2,000"
Immigrants,Finland,246,9412,4377,5035,46.5,Europe,"2,000"
Immigrants,Slovenia,705,8622,4535,4087,52.6,Europe,"2,000"
Immigrants,Bangladesh,50,8488,5067,3421,59.7,Asia,"2,000"
Immigrants,Tonga,776,8114,4106,4008,50.6,Oceania,"2,000"
Immigrants,Israel,376,7395,4060,3335,54.9,Asia,"2,000"
Immigrants,Latvia,428,7357,3458,3899,47,Europe,"2,000"
Immigrants,Syrian Arab Republic,760,7350,3682,3668,50.1,Asia,"2,000"
Immigrants,Kenya,404,7217,3753,3464,52,Africa,"2,000"
Immigrants,Sweden,752,7099,3592,3507,50.6,Europe,"2,000"
Immigrants,Slovakia,703,6360,3422,2938,53.8,Europe,"2,000"
Immigrants,Peru,604,5784,2522,3262,43.6,South America,"2,000"
Immigrants,Montenegro,499,5326,2770,2556,52,Europe,"2,000"
Immigrants,Belgium,56,5320,2607,2713,49,Europe,"2,000"
Immigrants,Brazil,76,4754,2154,2600,45.3,South America,"2,000"
Immigrants,Sudan,729,4204,2237,1967,53.2,Africa,"2,000"
Immigrants,Colombia,170,4032,1943,2089,48.2,South America,"2,000"
Immigrants,Norway,578,3985,2164,1821,54.3,Europe,"2,000"
Immigrants,Lithuania,440,3828,1887,1941,49.3,Europe,"2,000"
Immigrants,Somalia,706,3767,1948,1819,51.7,Africa,"2,000"
Immigrants,Ethiopia,231,3642,1890,1752,51.9,Africa,"2,000"
Immigrants,Jordan,400,3494,1957,1537,56,Asia,"2,000"
Immigrants,Zambia,894,3428,1711,1717,49.9,Africa,"2,000"
Immigrants,State of Palestine,275,3061,1742,1319,56.9,Asia,"2,000"
Immigrants,Bulgaria,100,3025,1670,1355,55.2,Europe,"2,000"
Immigrants,Seychelles,690,2774,1323,1451,47.7,Africa,"2,000"
Immigrants,Kuwait,414,2469,1326,1143,53.7,Asia,"2,000"
Immigrants,Ghana,288,2162,1263,899,58.4,Africa,"2,000"
Immigrants,Brunei Darussalam,96,2105,1074,1031,51,Asia,"2,000"
Immigrants,"China, Macao SAR",446,2042,917,1125,44.9,Asia,"2,000"
Immigrants,Nepal,524,2030,1391,639,68.5,Asia,"2,000"
Immigrants,Timor-Leste,626,1991,980,1011,49.2,Asia,"2,000"
Immigrants,Estonia,233,1963,875,1088,44.6,Europe,"2,000"
Immigrants,Tanzania,834,1958,1077,881,55,Africa,"2,000"
Immigrants,Nigeria,566,1812,1113,699,61.4,Africa,"2,000"
Immigrants,Eritrea,232,1765,920,845,52.1,Africa,"2,000"
Immigrants,Albania,8,1529,868,661,56.8,Europe,"2,000"
Immigrants,Saudi Arabia,682,1525,798,727,52.3,Asia,"2,000"
Immigrants,Ecuador,218,1457,723,734,49.6,South America,"2,000"
Immigrants,Libya,434,1413,771,642,54.6,Africa,"2,000"
Immigrants,Trinidad and Tobago,780,1413,704,709,49.8,North America,"2,000"
Immigrants,Uganda,800,1407,760,647,54,Africa,"2,000"
Immigrants,Solomon Islands,90,1395,638,757,45.7,Oceania,"2,000"
Immigrants,United Arab Emirates,784,1393,740,653,53.1,Asia,"2,000"
Immigrants,Morocco,504,1368,860,508,62.9,Africa,"2,000"
Immigrants,Belarus,112,1357,607,750,44.7,Europe,"2,000"
Immigrants,Mexico,484,1268,583,685,46,North America,"2,000"
Immigrants,New Caledonia,540,1202,507,695,42.2,Oceania,"2,000"
Immigrants,Venezuela,862,1181,565,616,47.8,South America,"2,000"
Immigrants,Algeria,12,1170,751,419,64.2,Africa,"2,000"
Immigrants,Vanuatu,548,1057,515,542,48.7,Oceania,"2,000"
Immigrants,Armenia,51,978,460,518,47,Asia,"2,000"
Immigrants,Jamaica,388,932,486,446,52.1,North America,"2,000"
Immigrants,Nicaragua,558,797,377,420,47.3,Central America,"2,000"
Immigrants,Bahrain,48,772,412,360,53.4,Asia,"2,000"
Immigrants,Bolivia,68,694,336,358,48.4,South America,"2,000"
Immigrants,Botswana,72,670,356,314,53.1,Africa,"2,000"
Immigrants,Mozambique,508,628,328,300,52.2,Africa,"2,000"
Immigrants,Republic of Moldova,498,576,277,299,48.1,Europe,"2,000"
Immigrants,Iceland,352,565,312,253,55.2,Europe,"2,000"
Immigrants,Malawi,454,537,284,253,52.9,Africa,"2,000"
Immigrants,Guyana,328,519,231,288,44.5,South America,"2,000"
Immigrants,Cuba,192,508,271,237,53.3,North America,"2,000"
Immigrants,Tunisia,788,497,289,208,58.1,Africa,"2,000"
Immigrants,Uzbekistan,860,492,248,244,50.4,Asia,"2,000"
Immigrants,Namibia,516,447,226,221,50.6,Africa,"2,000"
Immigrants,Kiribati,296,439,162,277,36.9,Oceania,"2,000"
Immigrants,Angola,24,417,228,189,54.7,Africa,"2,000"
Immigrants,Yemen,887,390,232,158,59.5,Asia,"2,000"
Immigrants,Kazakhstan,398,386,153,233,39.6,Asia,"2,000"
Immigrants,Barbados,52,370,208,162,56.2,North America,"2,000"
Immigrants,Paraguay,600,357,159,198,44.5,South America,"2,000"
Immigrants,Costa Rica,188,352,193,159,54.8,Central America,"2,000"
Immigrants,French Polynesia,258,343,145,198,42.3,Oceania,"2,000"
Immigrants,Oman,512,343,202,141,58.9,Asia,"2,000"
Immigrants,Guatemala,320,310,150,160,48.4,Central America,"2,000"
Immigrants,D.R. Congo,180,306,149,157,48.7,Africa,"2,000"
Immigrants,Georgia,268,293,148,145,50.5,Asia,"2,000"
Immigrants,Bahamas,44,264,126,138,47.7,North America,"2,000"
Immigrants,Sierra Leone,694,260,143,117,55,Africa,"2,000"
Immigrants,Qatar,634,249,140,109,56.2,Asia,"2,000"
Immigrants,Swaziland,748,235,110,125,46.8,Africa,"2,000"
Immigrants,Senegal,686,235,139,96,59.1,Africa,"2,000"
Immigrants,Azerbaijan,31,188,80,108,42.6,Asia,"2,000"
Immigrants,Honduras,340,185,97,88,52.4,Central America,"2,000"
Immigrants,Madagascar,450,180,80,100,44.4,Africa,"2,000"
Immigrants,Maldives,462,165,76,89,46.1,Asia,"2,000"
Immigrants,Luxembourg,442,150,78,72,52,Europe,"2,000"
Immigrants,Panama,591,140,70,70,50,Central America,"2,000"
Immigrants,Puerto Rico,630,135,55,80,40.7,North America,"2,000"
Immigrants,Congo,178,132,71,61,53.8,Africa,"2,000"
Immigrants,Grenada,308,125,55,70,44,North America,"2,000"
Immigrants,Mongolia,496,118,64,54,54.2,Asia,"2,000"
Immigrants,Liberia,430,115,73,42,63.5,Africa,"2,000"
Immigrants,Kyrgyzstan,417,97,37,60,38.1,Asia,"2,000"
Immigrants,Haiti,332,90,38,52,42.2,North America,"2,000"
Immigrants,Curaçao,531,90,40,50,44.4,America,"2,000"
Immigrants,Suriname,740,87,40,47,46,South America,"2,000"
Immigrants,Réunion,638,87,32,55,36.8,Africa,"2,000"
Immigrants,Djibouti,262,82,35,47,42.7,Africa,"2,000"
Immigrants,Saint Vincent and the Grenadines,670,80,59,21,73.8,North America,"2,000"
Immigrants,Bhutan,64,70,48,22,68.6,Asia,"2,000"
Immigrants,Dominican Republic,214,70,38,32,54.3,North America,"2,000"
Immigrants,Lesotho,426,67,37,30,55.2,Africa,"2,000"
Immigrants,Cameroon,120,67,42,25,62.7,Africa,"2,000"
Immigrants,Côte d'Ivoire,384,62,35,27,56.5,Africa,"2,000"
Immigrants,Aruba,533,57,30,27,52.6,North America,"2,000"
Immigrants,Guam,316,50,20,30,40,Oceania,"2,000"
Immigrants,Rwanda,646,50,28,22,56,Africa,"2,000"
Immigrants,Belize,84,48,18,30,37.5,Central America,"2,000"
Immigrants,Tajikistan,762,48,26,22,54.2,Asia,"2,000"
Immigrants,Chad,148,40,28,12,70,Africa,"2,000"
Immigrants,Gambia,270,35,23,12,65.7,Africa,"2,000"
Immigrants,Monaco,492,32,12,20,37.5,Europe,"2,000"
Immigrants,Turkmenistan,795,30,11,19,36.7,Asia,"2,000"
Immigrants,Antigua and Barbuda,28,30,10,20,33.3,North America,"2,000"
Immigrants,Guinea,324,30,18,12,60,Africa,"2,000"
Immigrants,Saint Lucia,662,30,20,10,66.7,North America,"2,000"
Immigrants,Benin,204,28,18,10,64.3,Africa,"2,000"
Immigrants,Burundi,108,27,17,10,63,Africa,"2,000"
Immigrants,Mali,466,21,10,11,47.6,Africa,"2,000"
Immigrants,Gabon,266,20,10,10,50,Africa,"2,000"
Immigrants,Togo,768,20,10,10,50,Africa,"2,000"
Immigrants,Burkina Faso,854,11,6,5,54.5,Africa,"2,000"
Immigrants,Central African Republic,140,7,4,3,57.1,Africa,"2,000"
Emigrants,United Kingdom,826,104720,46915,57805,44.8,Europe,"2,000"
Emigrants,New Zealand,554,55949,26016,29933,46.5,Australia,"2,000"
Emigrants,Greece,300,20267,9343,10924,46.1,Europe,"2,000"
Emigrants,Italy,380,17612,7714,9898,43.8,Europe,"2,000"
Emigrants,Canada,124,15831,7346,8485,46.4,North America,"2,000"
Emigrants,Papua New Guinea,598,10675,6875,3800,64.4,Oceania,"2,000"
Emigrants,China,156,9168,5281,3887,57.6,Asia,"2,000"
Emigrants,Japan,392,8830,5060,3770,57.3,Asia,"2,000"
Emigrants,Singapore,702,7767,4070,3697,52.4,Asia,"2,000"
Emigrants,Ireland,372,7675,3646,4029,47.5,Europe,"2,000"
Emigrants,Indonesia,360,7625,3996,3629,52.4,Asia,"2,000"
Emigrants,"China, Hong Kong SAR",344,7506,4286,3220,57.1,Asia,"2,000"
Emigrants,Malta,470,4128,1886,2242,45.7,Europe,"2,000"
Emigrants,South Africa,710,3331,1649,1682,49.5,Africa,"2,000"
Emigrants,Israel,376,2616,1214,1402,46.4,Asia,"2,000"
Emigrants,Malaysia,458,2432,1342,1090,55.2,Asia,"2,000"
Emigrants,Philippines,608,2234,1412,822,63.2,Asia,"2,000"
Emigrants,Argentina,32,1710,781,929,45.7,South America,"2,000"
Emigrants,Denmark,208,1603,837,766,52.2,Europe,"2,000"
Emigrants,Fiji,242,1489,782,707,52.5,Oceania,"2,000"
Emigrants,Cyprus,196,1355,650,705,48,Asia,"2,000"
Emigrants,Portugal,620,1185,539,646,45.5,Europe,"2,000"
Emigrants,Norway,578,977,506,471,51.8,Europe,"2,000"
Emigrants,India,356,881,432,449,49,Asia,"2,000"
Emigrants,Chile,152,879,451,428,51.3,South America,"2,000"
Emigrants,Croatia,191,753,320,433,42.5,Europe,"2,000"
Emigrants,Namibia,516,705,275,430,39,Africa,"2,000"
Emigrants,Taiwan,158,667,439,228,65.8,Asia,"2,000"
Emigrants,Hungary,348,642,311,331,48.4,Europe,"2,000"
Emigrants,Peru,604,619,345,274,55.7,South America,"2,000"
Emigrants,Finland,246,552,311,241,56.3,Europe,"2,000"
Emigrants,Libya,434,551,349,202,63.3,Africa,"2,000"
Emigrants,Poland,616,549,279,270,50.8,Europe,"2,000"
Emigrants,Egypt,818,519,316,203,60.9,Africa,"2,000"
Emigrants,Brunei Darussalam,96,482,262,220,54.4,Asia,"2,000"
Emigrants,Timor-Leste,626,482,209,273,43.4,Asia,"2,000"
Emigrants,Vanuatu,548,450,227,223,50.4,Oceania,"2,000"
Emigrants,Brazil,76,441,219,222,49.7,South America,"2,000"
Emigrants,Samoa,882,422,239,183,56.6,Oceania,"2,000"
Emigrants,Serbia,688,381,174,207,45.7,Europe,"2,000"
Emigrants,Solomon Islands,90,340,193,147,56.8,Oceania,"2,000"
Emigrants,Slovenia,705,303,150,153,49.5,Europe,"2,000"
Emigrants,New Caledonia,540,298,130,168,43.6,Oceania,"2,000"
Emigrants,Mexico,484,285,131,154,46,North America,"2,000"
Emigrants,Cambodia,116,229,144,85,62.9,Asia,"2,000"
Emigrants,Colombia,170,197,90,107,45.7,South America,"2,000"
Emigrants,Slovakia,703,176,90,86,51.1,Europe,"2,000"
Emigrants,Azerbaijan,31,164,77,87,47,Asia,"2,000"
Emigrants,Bolivia,68,154,71,83,46.1,South America,"2,000"
Emigrants,Sri Lanka,144,150,96,54,64,Asia,"2,000"
Emigrants,Uganda,800,137,63,74,46,Africa,"2,000"
Emigrants,Ecuador,218,133,74,59,55.6,South America,"2,000"
Emigrants,Montenegro,499,130,43,87,33.1,Europe,"2,000"
Emigrants,Venezuela,862,127,66,61,52,South America,"2,000"
Emigrants,Dem. People's Republic of Korea,408,127,68,59,53.5,Asia,"2,000"
Emigrants,Botswana,72,114,56,58,49.1,Africa,"2,000"
Emigrants,Latvia,428,93,54,39,58.1,Europe,"2,000"
Emigrants,Kiribati,296,86,44,42,51.2,Oceania,"2,000"
Emigrants,Zambia,894,83,40,43,48.2,Africa,"2,000"
Emigrants,Dominican Republic,214,82,56,26,68.3,North America,"2,000"
Emigrants,French Polynesia,258,74,35,39,47.3,Oceania,"2,000"
Emigrants,Luxembourg,442,67,32,35,47.8,Europe,"2,000"
Emigrants,Bulgaria,100,66,37,29,56.1,Europe,"2,000"
Emigrants,Bahamas,44,65,33,32,50.8,North America,"2,000"
Emigrants,Iceland,352,61,25,36,41,Europe,"2,000"
Emigrants,Costa Rica,188,51,25,26,49,Central America,"2,000"
Emigrants,Seychelles,690,51,32,19,62.7,Africa,"2,000"
Emigrants,Panama,591,48,28,20,58.3,Central America,"2,000"
Emigrants,Maldives,462,48,26,22,54.2,Asia,"2,000"
Emigrants,Guatemala,320,44,24,20,54.5,Central America,"2,000"
Emigrants,Barbados,52,29,15,14,51.7,North America,"2,000"
Emigrants,Belarus,112,28,12,16,42.9,Europe,"2,000"
Emigrants,El Salvador,222,21,8,13,38.1,Central America,"2,000"
Emigrants,Ghana,288,19,6,13,31.6,Africa,"2,000"
Emigrants,Lithuania,440,19,11,8,57.9,Europe,"2,000"
Emigrants,Bhutan,64,17,14,3,82.4,Asia,"2,000"
Emigrants,Laos,418,17,9,8,52.9,Asia,"2,000"
Emigrants,Swaziland,748,16,9,7,56.2,Africa,"2,000"
Emigrants,Central African Republic,140,16,8,8,50,Africa,"2,000"
Emigrants,Saint Lucia,662,13,4,9,30.8,North America,"2,000"
Emigrants,Antigua and Barbuda,28,6,3,3,50,North America,"2,000"
Emigrants,Mongolia,496,4,3,1,75,Asia,"2,000"
Immigrants,United Kingdom,826,1118630,566027,552603,50.6,Europe,"2,005"
Immigrants,New Zealand,554,424120,217149,206971,51.2,Australia,"2,005"
Immigrants,China,156,227597,104695,122902,46,Asia,"2,005"
Immigrants,Italy,380,220526,115115,105411,52.2,Europe,"2,005"
Immigrants,Viet Nam,704,174625,83995,90630,48.1,Asia,"2,005"
Immigrants,India,356,149237,82528,66709,55.3,Asia,"2,005"
Immigrants,Philippines,608,134758,48378,86380,35.9,Asia,"2,005"
Immigrants,Greece,300,129008,64504,64504,50,Europe,"2,005"
Immigrants,Germany,276,123122,59591,63531,48.4,Europe,"2,005"
Immigrants,South Africa,710,114035,56789,57246,49.8,Africa,"2,005"
Immigrants,Malaysia,458,101481,47087,54394,46.4,Asia,"2,005"
Immigrants,Netherlands,528,91676,47305,44371,51.6,Europe,"2,005"
Immigrants,Lebanon,422,84843,44458,40385,52.4,Asia,"2,005"
Immigrants,"China, Hong Kong SAR",344,79854,39049,40805,48.9,Asia,"2,005"
Immigrants,United States of America,840,70697,35914,34783,50.8,North America,"2,005"
Immigrants,Sri Lanka,144,70602,36007,34595,51,Asia,"2,005"
Immigrants,Croatia,191,69644,36006,33638,51.7,Europe,"2,005"
Immigrants,Poland,616,63306,29121,34185,46,Europe,"2,005"
Immigrants,Indonesia,360,60318,27867,32451,46.2,Asia,"2,005"
Immigrants,Ireland,372,55768,29111,26657,52.2,Europe,"2,005"
Immigrants,Fiji,242,54816,25873,28943,47.2,Oceania,"2,005"
Immigrants,Malta,470,51360,26502,24858,51.6,Europe,"2,005"
Immigrants,TFYR Macedonia,807,51348,26342,25006,51.3,Europe,"2,005"
Immigrants,Republic of Korea,410,51162,23586,27576,46.1,Asia,"2,005"
Immigrants,Singapore,702,43009,19870,23139,46.2,Asia,"2,005"
Immigrants,Serbia,688,39229,20124,19105,51.3,Europe,"2,005"
Immigrants,Egypt,818,38735,19871,18864,51.3,Africa,"2,005"
Immigrants,Bosnia and Herzegovina,70,38496,19517,18979,50.7,Europe,"2,005"
Immigrants,Turkey,792,37467,19296,18171,51.5,Asia,"2,005"
Immigrants,Iraq,368,37246,20113,17133,54,Asia,"2,005"
Immigrants,Canada,124,36359,17489,18870,48.1,North America,"2,005"
Immigrants,Japan,392,33136,11432,21704,34.5,Asia,"2,005"
Immigrants,Thailand,764,31615,11128,20487,35.2,Asia,"2,005"
Immigrants,Cambodia,116,27620,13064,14556,47.3,Asia,"2,005"
Immigrants,Papua New Guinea,598,26907,12270,14637,45.6,Oceania,"2,005"
Immigrants,Chile,152,26877,12955,13922,48.2,South America,"2,005"
Immigrants,Iran,364,26699,14150,12549,53,Asia,"2,005"
Immigrants,Taiwan,158,25888,11727,14161,45.3,Asia,"2,005"
Immigrants,Hungary,348,24335,12557,11778,51.6,Europe,"2,005"
Immigrants,Cyprus,196,22457,11228,11229,50,Asia,"2,005"
Immigrants,Zimbabwe,716,21657,10937,10720,50.5,Africa,"2,005"
Immigrants,France,250,21133,10714,10419,50.7,Europe,"2,005"
Immigrants,Austria,40,21030,11167,9863,53.1,Europe,"2,005"
Immigrants,Mauritius,480,20326,9960,10366,49,Africa,"2,005"
Immigrants,Afghanistan,4,18919,10746,8173,56.8,Asia,"2,005"
Immigrants,Portugal,620,18160,9425,8735,51.9,Europe,"2,005"
Immigrants,Russian Federation,643,18114,7137,10977,39.4,Europe,"2,005"
Immigrants,Sudan,729,17942,9958,7984,55.5,Africa,"2,005"
Immigrants,Ukraine,804,16828,7236,9592,43,Europe,"2,005"
Immigrants,Pakistan,586,16755,9634,7121,57.5,Asia,"2,005"
Immigrants,Samoa,882,16595,8098,8497,48.8,Oceania,"2,005"
Immigrants,Bangladesh,50,16138,9925,6213,61.5,Asia,"2,005"
Immigrants,Romania,642,15707,7854,7853,50,Europe,"2,005"
Immigrants,Spain,724,14329,7394,6935,51.6,Europe,"2,005"
Immigrants,Czech Republic,203,13727,6973,6754,50.8,Europe,"2,005"
Immigrants,Myanmar,104,13382,6530,6852,48.8,Asia,"2,005"
Immigrants,Switzerland,756,13100,6943,6157,53,Europe,"2,005"
Immigrants,Argentina,32,13097,6418,6679,49,South America,"2,005"
Immigrants,Uruguay,858,10804,5208,5596,48.2,South America,"2,005"
Immigrants,Kenya,404,10795,5592,5203,51.8,Africa,"2,005"
Immigrants,El Salvador,222,10750,5246,5504,48.8,Central America,"2,005"
Immigrants,Timor-Leste,626,10733,5366,5367,50,Asia,"2,005"
Immigrants,Laos,418,10585,5176,5409,48.9,Asia,"2,005"
Immigrants,Denmark,208,10481,5597,4884,53.4,Europe,"2,005"
Immigrants,Finland,246,9503,4276,5227,45,Europe,"2,005"
Immigrants,Israel,376,8942,4945,3997,55.3,Asia,"2,005"
Immigrants,Slovenia,705,8786,4516,4270,51.4,Europe,"2,005"
Immigrants,Tonga,776,8716,4436,4280,50.9,Oceania,"2,005"
Immigrants,Sweden,752,8566,4095,4471,47.8,Europe,"2,005"
Immigrants,Syrian Arab Republic,760,8269,4093,4176,49.5,Asia,"2,005"
Immigrants,Brazil,76,7512,3516,3996,46.8,South America,"2,005"
Immigrants,Peru,604,6712,2926,3786,43.6,South America,"2,005"
Immigrants,Latvia,428,6300,2866,3434,45.5,Europe,"2,005"
Immigrants,Ethiopia,231,6064,3129,2935,51.6,Africa,"2,005"
Immigrants,Slovakia,703,6055,3058,2997,50.5,Europe,"2,005"
Immigrants,Belgium,56,5796,2852,2944,49.2,Europe,"2,005"
Immigrants,Colombia,170,5794,2712,3082,46.8,South America,"2,005"
Immigrants,Zambia,894,4548,2274,2274,50,Africa,"2,005"
Immigrants,Somalia,706,4504,2225,2279,49.4,Africa,"2,005"
Immigrants,Norway,578,4392,2192,2200,49.9,Europe,"2,005"
Immigrants,Jordan,400,4155,2343,1812,56.4,Asia,"2,005"
Immigrants,Nepal,524,3799,2393,1406,63,Asia,"2,005"
Immigrants,Montenegro,499,3524,1815,1709,51.5,Europe,"2,005"
Immigrants,Bulgaria,100,3424,1746,1678,51,Europe,"2,005"
Immigrants,Lithuania,440,3296,1513,1783,45.9,Europe,"2,005"
Immigrants,State of Palestine,275,3255,1839,1416,56.5,Asia,"2,005"
Immigrants,Kuwait,414,3146,1721,1425,54.7,Asia,"2,005"
Immigrants,Saudi Arabia,682,2969,1636,1333,55.1,Asia,"2,005"
Immigrants,Seychelles,690,2895,1335,1560,46.1,Africa,"2,005"
Immigrants,Ghana,288,2847,1572,1275,55.2,Africa,"2,005"
Immigrants,United Arab Emirates,784,2818,1601,1217,56.8,Asia,"2,005"
Immigrants,Nigeria,566,2600,1565,1035,60.2,Africa,"2,005"
Immigrants,Brunei Darussalam,96,2561,1255,1306,49,Asia,"2,005"
Immigrants,Tanzania,834,2328,1315,1013,56.5,Africa,"2,005"
Immigrants,Eritrea,232,2293,1169,1124,51,Africa,"2,005"
Immigrants,Albania,8,2281,1211,1070,53.1,Europe,"2,005"
Immigrants,"China, Macao SAR",446,2090,953,1137,45.6,Asia,"2,005"
Immigrants,Uganda,800,1864,971,893,52.1,Africa,"2,005"
Immigrants,Mexico,484,1838,868,970,47.2,North America,"2,005"
Immigrants,Ecuador,218,1655,804,851,48.6,South America,"2,005"
Immigrants,Estonia,233,1654,733,921,44.3,Europe,"2,005"
Immigrants,Solomon Islands,90,1640,722,918,44,Oceania,"2,005"
Immigrants,Belarus,112,1608,706,902,43.9,Europe,"2,005"
Immigrants,Venezuela,862,1595,731,864,45.8,South America,"2,005"
Immigrants,Libya,434,1577,847,730,53.7,Africa,"2,005"
Immigrants,Morocco,504,1562,947,615,60.6,Africa,"2,005"
Immigrants,Trinidad and Tobago,780,1558,791,767,50.8,North America,"2,005"
Immigrants,Sierra Leone,694,1490,755,735,50.7,Africa,"2,005"
Immigrants,Algeria,12,1330,817,513,61.4,Africa,"2,005"
Immigrants,New Caledonia,540,1255,545,710,43.4,Oceania,"2,005"
Immigrants,Vanuatu,548,1183,567,616,47.9,Oceania,"2,005"
Immigrants,Liberia,430,1161,571,590,49.2,Africa,"2,005"
Immigrants,Armenia,51,1111,529,582,47.6,Asia,"2,005"
Immigrants,Bahrain,48,1077,602,475,55.9,Asia,"2,005"
Immigrants,Jamaica,388,1003,521,482,51.9,North America,"2,005"
Immigrants,Botswana,72,973,553,420,56.8,Africa,"2,005"
Immigrants,Oman,512,852,498,354,58.5,Asia,"2,005"
Immigrants,Republic of Moldova,498,816,375,441,46,Europe,"2,005"
Immigrants,Uzbekistan,860,777,362,415,46.6,Asia,"2,005"
Immigrants,Nicaragua,558,776,364,412,46.9,Central America,"2,005"
Immigrants,Mozambique,508,771,401,370,52,Africa,"2,005"
Immigrants,Bolivia,68,770,364,406,47.3,South America,"2,005"
Immigrants,Malawi,454,761,370,391,48.6,Africa,"2,005"
Immigrants,Namibia,516,737,378,359,51.3,Africa,"2,005"
Immigrants,Kazakhstan,398,677,255,422,37.7,Asia,"2,005"
Immigrants,Iceland,352,670,350,320,52.2,Europe,"2,005"
Immigrants,Congo,178,644,377,267,58.5,Africa,"2,005"
Immigrants,Cuba,192,612,324,288,52.9,North America,"2,005"
Immigrants,Guyana,328,563,262,301,46.5,South America,"2,005"
Immigrants,Tunisia,788,542,331,211,61.1,Africa,"2,005"
Immigrants,Yemen,887,520,290,230,55.8,Asia,"2,005"
Immigrants,Kiribati,296,485,190,295,39.2,Oceania,"2,005"
Immigrants,Angola,24,451,231,220,51.2,Africa,"2,005"
Immigrants,Qatar,634,447,267,180,59.7,Asia,"2,005"
Immigrants,Paraguay,600,411,190,221,46.2,South America,"2,005"
Immigrants,Georgia,268,397,187,210,47.1,Asia,"2,005"
Immigrants,French Polynesia,258,392,152,240,38.8,Oceania,"2,005"
Immigrants,D.R. Congo,180,390,189,201,48.5,Africa,"2,005"
Immigrants,Barbados,52,382,208,174,54.5,North America,"2,005"
Immigrants,Costa Rica,188,380,200,180,52.6,Central America,"2,005"
Immigrants,Burundi,108,379,207,172,54.6,Africa,"2,005"
Immigrants,Guatemala,320,350,158,192,45.1,Central America,"2,005"
Immigrants,Azerbaijan,31,298,120,178,40.3,Asia,"2,005"
Immigrants,Maldives,462,280,112,168,40,Asia,"2,005"
Immigrants,Senegal,686,272,167,105,61.4,Africa,"2,005"
Immigrants,Swaziland,748,270,138,132,51.1,Africa,"2,005"
Immigrants,Bahamas,44,268,115,153,42.9,North America,"2,005"
Immigrants,Mongolia,496,246,105,141,42.7,Asia,"2,005"
Immigrants,Kyrgyzstan,417,233,98,135,42.1,Asia,"2,005"
Immigrants,Honduras,340,225,125,100,55.6,Central America,"2,005"
Immigrants,Madagascar,450,222,102,120,45.9,Africa,"2,005"
Immigrants,Guinea,324,194,105,89,54.1,Africa,"2,005"
Immigrants,Rwanda,646,179,78,101,43.6,Africa,"2,005"
Immigrants,Luxembourg,442,174,82,92,47.1,Europe,"2,005"
Immigrants,Panama,591,172,100,72,58.1,Central America,"2,005"
Immigrants,Côte d'Ivoire,384,171,93,78,54.4,Africa,"2,005"
Immigrants,Puerto Rico,630,166,72,94,43.4,North America,"2,005"
Immigrants,Réunion,638,142,54,88,38,Africa,"2,005"
Immigrants,Cameroon,120,130,77,53,59.2,Africa,"2,005"
Immigrants,Bhutan,64,129,78,51,60.5,Asia,"2,005"
Immigrants,Grenada,308,128,68,60,53.1,North America,"2,005"
Immigrants,Djibouti,262,113,45,68,39.8,Africa,"2,005"
Immigrants,Dominican Republic,214,108,50,58,46.3,North America,"2,005"
Immigrants,Curaçao,531,102,42,60,41.2,America,"2,005"
Immigrants,Suriname,740,102,50,52,49,South America,"2,005"
Immigrants,Haiti,332,94,42,52,44.7,North America,"2,005"
Immigrants,Lesotho,426,92,50,42,54.3,Africa,"2,005"
Immigrants,Saint Vincent and the Grenadines,670,88,56,32,63.6,North America,"2,005"
Immigrants,Guam,316,80,42,38,52.5,Oceania,"2,005"
Immigrants,Gambia,270,80,43,37,53.8,Africa,"2,005"
Immigrants,Tajikistan,762,65,25,40,38.5,Asia,"2,005"
Immigrants,Belize,84,60,30,30,50,Central America,"2,005"
Immigrants,Turkmenistan,795,60,20,40,33.3,Asia,"2,005"
Immigrants,Monaco,492,50,20,30,40,Europe,"2,005"
Immigrants,Aruba,533,50,20,30,40,North America,"2,005"
Immigrants,Mali,466,42,22,20,52.4,Africa,"2,005"
Immigrants,Chad,148,40,23,17,57.5,Africa,"2,005"
Immigrants,Saint Lucia,662,38,26,12,68.4,North America,"2,005"
Immigrants,Antigua and Barbuda,28,35,14,21,40,North America,"2,005"
Immigrants,Togo,768,32,22,10,68.8,Africa,"2,005"
Immigrants,Gabon,266,30,20,10,66.7,Africa,"2,005"
Immigrants,Benin,204,30,20,10,66.7,Africa,"2,005"
Immigrants,Burkina Faso,854,20,10,10,50,Africa,"2,005"
Immigrants,Central African Republic,140,10,6,4,60,Africa,"2,005"
Emigrants,United Kingdom,826,115290,52803,62487,45.8,Europe,"2,005"
Emigrants,New Zealand,554,61754,28839,32915,46.7,Australia,"2,005"
Emigrants,Greece,300,20467,9353,11114,45.7,Europe,"2,005"
Emigrants,Italy,380,17973,7908,10065,44,Europe,"2,005"
Emigrants,Canada,124,17893,8624,9269,48.2,North America,"2,005"
Emigrants,Japan,392,10964,7061,3903,64.4,Asia,"2,005"
Emigrants,China,156,10913,6330,4583,58,Asia,"2,005"
Emigrants,Papua New Guinea,598,10675,6992,3683,65.5,Oceania,"2,005"
Emigrants,Singapore,702,8236,4316,3920,52.4,Asia,"2,005"
Emigrants,"China, Hong Kong SAR",344,8195,4499,3696,54.9,Asia,"2,005"
Emigrants,Ireland,372,7978,3813,4165,47.8,Europe,"2,005"
Emigrants,Indonesia,360,4660,2460,2200,52.8,Asia,"2,005"
Emigrants,Malta,470,4016,1795,2221,44.7,Europe,"2,005"
Emigrants,South Africa,710,3004,1508,1496,50.2,Africa,"2,005"
Emigrants,Israel,376,2913,1387,1526,47.6,Asia,"2,005"
Emigrants,Philippines,608,2822,1792,1030,63.5,Asia,"2,005"
Emigrants,Malaysia,458,2432,1342,1090,55.2,Asia,"2,005"
Emigrants,Cyprus,196,2037,961,1076,47.2,Asia,"2,005"
Emigrants,Denmark,208,1843,980,863,53.2,Europe,"2,005"
Emigrants,Fiji,242,1706,901,805,52.8,Oceania,"2,005"
Emigrants,Argentina,32,1451,665,786,45.8,South America,"2,005"
Emigrants,India,356,1246,627,619,50.3,Asia,"2,005"
Emigrants,Portugal,620,1224,561,663,45.8,Europe,"2,005"
Emigrants,Norway,578,1203,671,532,55.8,Europe,"2,005"
Emigrants,Croatia,191,1169,537,632,45.9,Europe,"2,005"
Emigrants,Chile,152,1002,516,486,51.5,South America,"2,005"
Emigrants,Taiwan,158,903,651,252,72.1,Asia,"2,005"
Emigrants,Hungary,348,789,388,401,49.2,Europe,"2,005"
Emigrants,Finland,246,774,455,319,58.8,Europe,"2,005"
Emigrants,Egypt,818,702,442,260,63,Africa,"2,005"
Emigrants,Poland,616,670,369,301,55.1,Europe,"2,005"
Emigrants,Libya,434,608,425,183,69.9,Africa,"2,005"
Emigrants,Peru,604,561,313,248,55.8,South America,"2,005"
Emigrants,Namibia,516,557,215,342,38.6,Africa,"2,005"
Emigrants,Vanuatu,548,549,275,274,50.1,Oceania,"2,005"
Emigrants,Timor-Leste,626,522,238,284,45.6,Asia,"2,005"
Emigrants,Brazil,76,511,302,209,59.1,South America,"2,005"
Emigrants,Brunei Darussalam,96,493,269,224,54.6,Asia,"2,005"
Emigrants,Samoa,882,396,222,174,56.1,Oceania,"2,005"
Emigrants,Serbia,688,369,168,201,45.5,Europe,"2,005"
Emigrants,Mexico,484,352,170,182,48.3,North America,"2,005"
Emigrants,Slovenia,705,335,162,173,48.4,Europe,"2,005"
Emigrants,New Caledonia,540,317,140,177,44.2,Oceania,"2,005"
Emigrants,Solomon Islands,90,309,175,134,56.6,Oceania,"2,005"
Emigrants,Sri Lanka,144,253,126,127,49.8,Asia,"2,005"
Emigrants,Botswana,72,225,109,116,48.4,Africa,"2,005"
Emigrants,Slovakia,703,198,103,95,52,Europe,"2,005"
Emigrants,Ecuador,218,195,108,87,55.4,South America,"2,005"
Emigrants,Colombia,170,184,84,100,45.7,South America,"2,005"
Emigrants,Cambodia,116,179,114,65,63.7,Asia,"2,005"
Emigrants,Bolivia,68,175,89,86,50.9,South America,"2,005"
Emigrants,Dem. People's Republic of Korea,408,155,83,72,53.5,Asia,"2,005"
Emigrants,Zambia,894,148,72,76,48.6,Africa,"2,005"
Emigrants,Azerbaijan,31,146,68,78,46.6,Asia,"2,005"
Emigrants,Uganda,800,146,67,79,45.9,Africa,"2,005"
Emigrants,Venezuela,862,133,69,64,51.9,South America,"2,005"
Emigrants,Latvia,428,131,82,49,62.6,Europe,"2,005"
Emigrants,Panama,591,130,88,42,67.7,Central America,"2,005"
Emigrants,Montenegro,499,130,43,87,33.1,Europe,"2,005"
Emigrants,Bulgaria,100,99,54,45,54.5,Europe,"2,005"
Emigrants,Mongolia,496,91,59,32,64.8,Asia,"2,005"
Emigrants,Kiribati,296,83,44,39,53,Oceania,"2,005"
Emigrants,French Polynesia,258,77,37,40,48.1,Oceania,"2,005"
Emigrants,Iceland,352,75,33,42,44,Europe,"2,005"
Emigrants,Bahamas,44,71,36,35,50.7,North America,"2,005"
Emigrants,Dominican Republic,214,60,41,19,68.3,North America,"2,005"
Emigrants,Luxembourg,442,58,30,28,51.7,Europe,"2,005"
Emigrants,Maldives,462,56,33,23,58.9,Asia,"2,005"
Emigrants,Guatemala,320,53,31,22,58.5,Central America,"2,005"
Emigrants,Seychelles,690,48,27,21,56.2,Africa,"2,005"
Emigrants,Costa Rica,188,34,16,18,47.1,Central America,"2,005"
Emigrants,Lithuania,440,33,25,8,75.8,Europe,"2,005"
Emigrants,Swaziland,748,30,17,13,56.7,Africa,"2,005"
Emigrants,Belarus,112,27,11,16,40.7,Europe,"2,005"
Emigrants,Ghana,288,27,10,17,37,Africa,"2,005"
Emigrants,Barbados,52,25,13,12,52,North America,"2,005"
Emigrants,El Salvador,222,24,9,15,37.5,Central America,"2,005"
Emigrants,Bhutan,64,21,17,4,81,Asia,"2,005"
Emigrants,Laos,418,16,9,7,56.2,Asia,"2,005"
Emigrants,Central African Republic,140,13,6,7,46.2,Africa,"2,005"
Emigrants,Saint Lucia,662,13,4,9,30.8,North America,"2,005"
Emigrants,Antigua and Barbuda,28,7,4,3,57.1,North America,"2,005"
Immigrants,United Kingdom,826,1185773,603558,582215,50.9,Europe,"2,010"
Immigrants,New Zealand,554,520509,267542,252967,51.4,Australia,"2,010"
Immigrants,China,156,369549,167406,202143,45.3,Asia,"2,010"
Immigrants,India,356,326913,190917,135996,58.4,Asia,"2,010"
Immigrants,Italy,380,204684,105617,99067,51.6,Europe,"2,010"
Immigrants,Viet Nam,704,203426,95203,108223,46.8,Asia,"2,010"
Immigrants,Philippines,608,183866,68766,115100,37.4,Asia,"2,010"
Immigrants,South Africa,710,156200,77944,78256,49.9,Africa,"2,010"
Immigrants,Malaysia,458,129840,60246,69594,46.4,Asia,"2,010"
Immigrants,Germany,276,126208,60327,65881,47.8,Europe,"2,010"
Immigrants,Greece,300,122541,60413,62128,49.3,Europe,"2,010"
Immigrants,Sri Lanka,144,96257,49765,46492,51.7,Asia,"2,010"
Immigrants,Lebanon,422,89640,47151,42489,52.6,Asia,"2,010"
Immigrants,Netherlands,528,88556,45341,43215,51.2,Europe,"2,010"
Immigrants,United States of America,840,85523,43104,42419,50.4,North America,"2,010"
Immigrants,"China, Hong Kong SAR",344,85347,41393,43954,48.5,Asia,"2,010"
Immigrants,Republic of Korea,410,83946,39539,44407,47.1,Asia,"2,010"
Immigrants,Ireland,372,71858,38947,32911,54.2,Europe,"2,010"
Immigrants,Indonesia,360,71090,31422,39668,44.2,Asia,"2,010"
Immigrants,Croatia,191,68492,34931,33561,51,Europe,"2,010"
Immigrants,Fiji,242,63911,29974,33937,46.9,Oceania,"2,010"
Immigrants,Poland,616,58900,26093,32807,44.3,Europe,"2,010"
Immigrants,Singapore,702,53631,24241,29390,45.2,Asia,"2,010"
Immigrants,Iraq,368,51958,27018,24940,52,Asia,"2,010"
Immigrants,TFYR Macedonia,807,51425,26072,25353,50.7,Europe,"2,010"
Immigrants,Thailand,764,51298,17595,33703,34.3,Asia,"2,010"
Immigrants,Malta,470,48650,24909,23741,51.2,Europe,"2,010"
Immigrants,Canada,124,44589,21046,23543,47.2,North America,"2,010"
Immigrants,Egypt,818,41795,22151,19644,53,Africa,"2,010"
Immigrants,Japan,392,40397,13937,26460,34.5,Asia,"2,010"
Immigrants,Turkey,792,39756,20633,19123,51.9,Asia,"2,010"
Immigrants,Bosnia and Herzegovina,70,39714,19897,19817,50.1,Europe,"2,010"
Immigrants,Iran,364,36536,19510,17026,53.4,Asia,"2,010"
Immigrants,Serbia,688,35147,17679,17468,50.3,Europe,"2,010"
Immigrants,Zimbabwe,716,33653,16860,16793,50.1,Africa,"2,010"
Immigrants,Cambodia,116,31666,14630,17036,46.2,Asia,"2,010"
Immigrants,Taiwan,158,31501,13419,18082,42.6,Asia,"2,010"
Immigrants,Afghanistan,4,30763,17073,13690,55.5,Asia,"2,010"
Immigrants,Pakistan,586,30553,18607,11946,60.9,Asia,"2,010"
Immigrants,Papua New Guinea,598,30064,13739,16325,45.7,Oceania,"2,010"
Immigrants,Bangladesh,50,29393,17459,11934,59.4,Asia,"2,010"
Immigrants,Chile,152,28291,13693,14598,48.4,South America,"2,010"
Immigrants,France,250,28213,14558,13655,51.6,Europe,"2,010"
Immigrants,Mauritius,480,26861,13457,13404,50.1,Africa,"2,010"
Immigrants,Nepal,524,26859,16787,10072,62.5,Asia,"2,010"
Immigrants,Sudan,729,24613,13045,11568,53,Africa,"2,010"
Immigrants,Myanmar,104,23064,11278,11786,48.9,Asia,"2,010"
Immigrants,Hungary,348,22824,11526,11298,50.5,Europe,"2,010"
Immigrants,Cyprus,196,21355,10571,10784,49.5,Asia,"2,010"
Immigrants,Russian Federation,643,20784,8043,12741,38.7,Europe,"2,010"
Immigrants,Samoa,882,20554,10154,10400,49.4,Oceania,"2,010"
Immigrants,Austria,40,20146,10677,9469,53,Europe,"2,010"
Immigrants,Portugal,620,18485,9520,8965,51.5,Europe,"2,010"
Immigrants,Romania,642,16639,8120,8519,48.8,Europe,"2,010"
Immigrants,Brazil,76,16476,7876,8600,47.8,South America,"2,010"
Immigrants,Ukraine,804,16347,6702,9645,41,Europe,"2,010"
Immigrants,Kenya,404,15303,7728,7575,50.5,Africa,"2,010"
Immigrants,Spain,724,14921,7565,7356,50.7,Europe,"2,010"
Immigrants,Switzerland,756,14059,7325,6734,52.1,Europe,"2,010"
Immigrants,Argentina,32,13703,6728,6975,49.1,South America,"2,010"
Immigrants,Czech Republic,203,13588,6631,6957,48.8,Europe,"2,010"
Immigrants,Saudi Arabia,682,12383,7876,4507,63.6,Asia,"2,010"
Immigrants,Colombia,170,12284,5859,6425,47.7,South America,"2,010"
Immigrants,Laos,418,11136,5323,5813,47.8,Asia,"2,010"
Immigrants,El Salvador,222,10945,5341,5604,48.8,Central America,"2,010"
Immigrants,Israel,376,10688,5975,4713,55.9,Asia,"2,010"
Immigrants,Uruguay,858,10621,5109,5512,48.1,South America,"2,010"
Immigrants,Denmark,208,10609,5570,5039,52.5,Europe,"2,010"
Immigrants,Timor-Leste,626,10587,5251,5336,49.6,Asia,"2,010"
Immigrants,Tonga,776,10092,5238,4854,51.9,Oceania,"2,010"
Immigrants,Sweden,752,10039,4497,5542,44.8,Europe,"2,010"
Immigrants,Peru,604,9577,4300,5277,44.9,South America,"2,010"
Immigrants,Finland,246,9523,4076,5447,42.8,Europe,"2,010"
Immigrants,Syrian Arab Republic,760,9358,4595,4763,49.1,Asia,"2,010"
Immigrants,Ethiopia,231,8939,4434,4505,49.6,Africa,"2,010"
Immigrants,Slovenia,705,8382,4233,4149,50.5,Europe,"2,010"
Immigrants,Belgium,56,6517,3232,3285,49.6,Europe,"2,010"
Immigrants,Zambia,894,6165,3107,3058,50.4,Africa,"2,010"
Immigrants,Somalia,706,6155,2985,3170,48.5,Africa,"2,010"
Immigrants,Slovakia,703,5998,2819,3179,47,Europe,"2,010"
Immigrants,Latvia,428,5582,2361,3221,42.3,Europe,"2,010"
Immigrants,Jordan,400,5250,2982,2268,56.8,Asia,"2,010"
Immigrants,United Arab Emirates,784,5215,3014,2201,57.8,Asia,"2,010"
Immigrants,Nigeria,566,4631,2742,1889,59.2,Africa,"2,010"
Immigrants,Norway,578,4347,2069,2278,47.6,Europe,"2,010"
Immigrants,Kuwait,414,4321,2493,1828,57.7,Asia,"2,010"
Immigrants,Ghana,288,4192,2259,1933,53.9,Africa,"2,010"
Immigrants,Tanzania,834,3820,2067,1753,54.1,Africa,"2,010"
Immigrants,Bulgaria,100,3605,1712,1893,47.5,Europe,"2,010"
Immigrants,Mexico,484,3388,1670,1718,49.3,North America,"2,010"
Immigrants,Venezuela,862,3324,1619,1705,48.7,South America,"2,010"
Immigrants,Sierra Leone,694,3265,1655,1610,50.7,Africa,"2,010"
Immigrants,Lithuania,440,3090,1319,1771,42.7,Europe,"2,010"
Immigrants,Eritrea,232,3072,1530,1542,49.8,Africa,"2,010"
Immigrants,State of Palestine,275,3061,1736,1325,56.7,Asia,"2,010"
Immigrants,Brunei Darussalam,96,3030,1491,1539,49.2,Asia,"2,010"
Immigrants,Seychelles,690,2977,1363,1614,45.8,Africa,"2,010"
Immigrants,Liberia,430,2884,1370,1514,47.5,Africa,"2,010"
Immigrants,Albania,8,2872,1465,1407,51,Europe,"2,010"
Immigrants,Uganda,800,2859,1447,1412,50.6,Africa,"2,010"
Immigrants,"China, Macao SAR",446,2558,1172,1386,45.8,Asia,"2,010"
Immigrants,D.R. Congo,180,2423,1226,1197,50.6,Africa,"2,010"
Immigrants,Libya,434,2395,1322,1073,55.2,Africa,"2,010"
Immigrants,Estonia,233,2228,1009,1219,45.3,Europe,"2,010"
Immigrants,Solomon Islands,90,1944,873,1071,44.9,Oceania,"2,010"
Immigrants,Ecuador,218,1934,948,986,49,South America,"2,010"
Immigrants,Montenegro,499,1876,955,921,50.9,Europe,"2,010"
Immigrants,Burundi,108,1850,936,914,50.6,Africa,"2,010"
Immigrants,Belarus,112,1840,756,1084,41.1,Europe,"2,010"
Immigrants,Morocco,504,1805,1054,751,58.4,Africa,"2,010"
Immigrants,Bhutan,64,1700,858,842,50.5,Asia,"2,010"
Immigrants,Trinidad and Tobago,780,1693,852,841,50.3,North America,"2,010"
Immigrants,New Caledonia,540,1442,656,786,45.5,Oceania,"2,010"
Immigrants,Algeria,12,1382,851,531,61.6,Africa,"2,010"
Immigrants,Bahrain,48,1353,748,605,55.3,Asia,"2,010"
Immigrants,Uzbekistan,860,1303,601,702,46.1,Asia,"2,010"
Immigrants,Vanuatu,548,1283,611,672,47.6,Oceania,"2,010"
Immigrants,Oman,512,1237,725,512,58.6,Asia,"2,010"
Immigrants,Armenia,51,1199,546,653,45.5,Asia,"2,010"
Immigrants,Kazakhstan,398,1190,446,744,37.5,Asia,"2,010"
Immigrants,Botswana,72,1120,587,533,52.4,Africa,"2,010"
Immigrants,Jamaica,388,1098,584,514,53.2,North America,"2,010"
Immigrants,Namibia,516,1097,553,544,50.4,Africa,"2,010"
Immigrants,Malawi,454,1023,514,509,50.2,Africa,"2,010"
Immigrants,Congo,178,1022,564,458,55.2,Africa,"2,010"
Immigrants,Republic of Moldova,498,1000,444,556,44.4,Europe,"2,010"
Immigrants,Mozambique,508,870,439,431,50.5,Africa,"2,010"
Immigrants,Bolivia,68,863,404,459,46.8,South America,"2,010"
Immigrants,Nicaragua,558,818,385,433,47.1,Central America,"2,010"
Immigrants,Cuba,192,745,392,353,52.6,North America,"2,010"
Immigrants,Iceland,352,705,366,339,51.9,Europe,"2,010"
Immigrants,Mongolia,496,700,302,398,43.1,Asia,"2,010"
Immigrants,Qatar,634,654,376,278,57.5,Asia,"2,010"
Immigrants,South Sudan,728,648,380,268,58.6,Africa,"2,010"
Immigrants,Guinea,324,642,316,326,49.2,Africa,"2,010"
Immigrants,Rwanda,646,609,287,322,47.1,Africa,"2,010"
Immigrants,Guyana,328,602,280,322,46.5,South America,"2,010"
Immigrants,Kiribati,296,598,223,375,37.3,Oceania,"2,010"
Immigrants,Yemen,887,595,326,269,54.8,Asia,"2,010"
Immigrants,Tunisia,788,572,333,239,58.2,Africa,"2,010"
Immigrants,Angola,24,528,281,247,53.2,Africa,"2,010"
Immigrants,Georgia,268,487,227,260,46.6,Asia,"2,010"
Immigrants,Côte d'Ivoire,384,467,238,229,51,Africa,"2,010"
Immigrants,French Polynesia,258,465,186,279,40,Oceania,"2,010"
Immigrants,Paraguay,600,443,205,238,46.3,South America,"2,010"
Immigrants,Costa Rica,188,437,229,208,52.4,Central America,"2,010"
Immigrants,Barbados,52,428,230,198,53.7,North America,"2,010"
Immigrants,Maldives,462,423,188,235,44.4,Asia,"2,010"
Immigrants,Azerbaijan,31,422,179,243,42.4,Asia,"2,010"
Immigrants,Guatemala,320,414,194,220,46.9,Central America,"2,010"
Immigrants,Senegal,686,370,233,137,63,Africa,"2,010"
Immigrants,Kyrgyzstan,417,362,150,212,41.4,Asia,"2,010"
Immigrants,Swaziland,748,340,171,169,50.3,Africa,"2,010"
Immigrants,Bahamas,44,282,124,158,44,North America,"2,010"
Immigrants,Togo,768,278,142,136,51.1,Africa,"2,010"
Immigrants,Cameroon,120,268,168,100,62.7,Africa,"2,010"
Immigrants,Madagascar,450,263,112,151,42.6,Africa,"2,010"
Immigrants,Honduras,340,240,120,120,50,Central America,"2,010"
Immigrants,Panama,591,218,128,90,58.7,Central America,"2,010"
Immigrants,Luxembourg,442,212,100,112,47.2,Europe,"2,010"
Immigrants,Réunion,638,210,90,120,42.9,Africa,"2,010"
Immigrants,Puerto Rico,630,145,67,78,46.2,North America,"2,010"
Immigrants,Dominican Republic,214,141,60,81,42.6,North America,"2,010"
Immigrants,Djibouti,262,134,64,70,47.8,Africa,"2,010"
Immigrants,Grenada,308,130,79,51,60.8,North America,"2,010"
Immigrants,Suriname,740,120,50,70,41.7,South America,"2,010"
Immigrants,Curaçao,531,117,50,67,42.7,America,"2,010"
Immigrants,Lesotho,426,112,54,58,48.2,Africa,"2,010"
Immigrants,Haiti,332,102,44,58,43.1,North America,"2,010"
Immigrants,Gambia,270,102,62,40,60.8,Africa,"2,010"
Immigrants,Tajikistan,762,100,32,68,32,Asia,"2,010"
Immigrants,Guam,316,97,52,45,53.6,Oceania,"2,010"
Immigrants,Turkmenistan,795,88,22,66,25,Asia,"2,010"
Immigrants,Benin,204,80,49,31,61.3,Africa,"2,010"
Immigrants,Monaco,492,68,30,38,44.1,Europe,"2,010"
Immigrants,Belize,84,62,24,38,38.7,Central America,"2,010"
Immigrants,Aruba,533,60,30,30,50,North America,"2,010"
Immigrants,Chad,148,57,37,20,64.9,Africa,"2,010"
Immigrants,Mali,466,57,37,20,64.9,Africa,"2,010"
Immigrants,Saint Vincent and the Grenadines,670,56,32,24,57.1,North America,"2,010"
Immigrants,Saint Lucia,662,50,30,20,60,North America,"2,010"
Immigrants,Antigua and Barbuda,28,40,18,22,45,North America,"2,010"
Immigrants,Burkina Faso,854,40,22,18,55,Africa,"2,010"
Immigrants,Gabon,266,30,12,18,40,Africa,"2,010"
Immigrants,Central African Republic,140,20,10,10,50,Africa,"2,010"
Emigrants,United Kingdom,826,124989,58620,66369,46.9,Europe,"2,010"
Emigrants,New Zealand,554,62683,29210,33473,46.6,Australia,"2,010"
Emigrants,Canada,124,24105,12197,11908,50.6,North America,"2,010"
Emigrants,Greece,300,21417,9680,11737,45.2,Europe,"2,010"
Emigrants,Italy,380,18635,8143,10492,43.7,Europe,"2,010"
Emigrants,China,156,12987,7597,5390,58.5,Asia,"2,010"
Emigrants,Singapore,702,11305,5924,5381,52.4,Asia,"2,010"
Emigrants,Japan,392,9902,6327,3575,63.9,Asia,"2,010"
Emigrants,Papua New Guinea,598,9056,6095,2961,67.3,Oceania,"2,010"
Emigrants,"China, Hong Kong SAR",344,8903,4727,4176,53.1,Asia,"2,010"
Emigrants,Ireland,372,6205,3084,3121,49.7,Europe,"2,010"
Emigrants,Indonesia,360,4168,2217,1951,53.2,Asia,"2,010"
Emigrants,Malta,470,3461,1592,1869,46,Europe,"2,010"
Emigrants,Philippines,608,3357,2145,1212,63.9,Asia,"2,010"
Emigrants,Israel,376,3226,1574,1652,48.8,Asia,"2,010"
Emigrants,Cyprus,196,3126,1500,1626,48,Asia,"2,010"
Emigrants,South Africa,710,2739,1397,1342,51,Africa,"2,010"
Emigrants,Denmark,208,2546,1339,1207,52.6,Europe,"2,010"
Emigrants,Malaysia,458,2433,1343,1090,55.2,Asia,"2,010"
Emigrants,India,356,2082,1060,1022,50.9,Asia,"2,010"
Emigrants,Fiji,242,1832,980,852,53.5,Oceania,"2,010"
Emigrants,Norway,578,1770,1044,726,59,Europe,"2,010"
Emigrants,Croatia,191,1585,751,834,47.4,Europe,"2,010"
Emigrants,Argentina,32,1192,550,642,46.1,South America,"2,010"
Emigrants,Portugal,620,1061,491,570,46.3,Europe,"2,010"
Emigrants,Chile,152,1058,547,511,51.7,South America,"2,010"
Emigrants,Hungary,348,942,469,473,49.8,Europe,"2,010"
Emigrants,Finland,246,916,544,372,59.4,Europe,"2,010"
Emigrants,Egypt,818,874,568,306,65,Africa,"2,010"
Emigrants,Poland,616,785,481,304,61.3,Europe,"2,010"
Emigrants,Taiwan,158,732,515,217,70.4,Asia,"2,010"
Emigrants,Libya,434,667,468,199,70.2,Africa,"2,010"
Emigrants,Vanuatu,548,612,305,307,49.8,Oceania,"2,010"
Emigrants,Brazil,76,573,432,141,75.4,South America,"2,010"
Emigrants,Timor-Leste,626,543,256,287,47.1,Asia,"2,010"
Emigrants,Namibia,516,536,208,328,38.8,Africa,"2,010"
Emigrants,Brunei Darussalam,96,504,276,228,54.8,Asia,"2,010"
Emigrants,Serbia,688,502,235,267,46.8,Europe,"2,010"
Emigrants,Peru,604,500,279,221,55.8,South America,"2,010"
Emigrants,Sri Lanka,144,465,229,236,49.2,Asia,"2,010"
Emigrants,Mexico,484,431,220,211,51,North America,"2,010"
Emigrants,Slovenia,705,393,202,191,51.4,Europe,"2,010"
Emigrants,Samoa,882,346,192,154,55.5,Oceania,"2,010"
Emigrants,Botswana,72,338,163,175,48.2,Africa,"2,010"
Emigrants,New Caledonia,540,337,150,187,44.5,Oceania,"2,010"
Emigrants,Solomon Islands,90,298,167,131,56,Oceania,"2,010"
Emigrants,Colombia,170,276,132,144,47.8,South America,"2,010"
Emigrants,Zambia,894,264,136,128,51.5,Africa,"2,010"
Emigrants,Ecuador,218,262,143,119,54.6,South America,"2,010"
Emigrants,Panama,591,238,165,73,69.3,Central America,"2,010"
Emigrants,Slovakia,703,222,117,105,52.7,Europe,"2,010"
Emigrants,Bolivia,68,196,108,88,55.1,South America,"2,010"
Emigrants,Mongolia,496,189,124,65,65.6,Asia,"2,010"
Emigrants,Dem. People's Republic of Korea,408,183,98,85,53.6,Asia,"2,010"
Emigrants,Latvia,428,166,106,60,63.9,Europe,"2,010"
Emigrants,Uganda,800,163,75,88,46,Africa,"2,010"
Emigrants,Venezuela,862,141,74,67,52.5,South America,"2,010"
Emigrants,Cambodia,116,129,85,44,65.9,Asia,"2,010"
Emigrants,Bulgaria,100,129,70,59,54.3,Europe,"2,010"
Emigrants,Azerbaijan,31,129,60,69,46.5,Asia,"2,010"
Emigrants,Montenegro,499,122,39,83,32,Europe,"2,010"
Emigrants,Laos,418,110,76,34,69.1,Asia,"2,010"
Emigrants,Iceland,352,86,39,47,45.3,Europe,"2,010"
Emigrants,Kiribati,296,81,45,36,55.6,Oceania,"2,010"
Emigrants,Bahamas,44,77,39,38,50.6,North America,"2,010"
Emigrants,French Polynesia,258,74,36,38,48.6,Oceania,"2,010"
Emigrants,Costa Rica,188,67,33,34,49.3,Central America,"2,010"
Emigrants,Maldives,462,67,51,16,76.1,Asia,"2,010"
Emigrants,Estonia,233,63,44,19,69.8,Europe,"2,010"
Emigrants,Guatemala,320,61,37,24,60.7,Central America,"2,010"
Emigrants,Luxembourg,442,50,27,23,54,Europe,"2,010"
Emigrants,Seychelles,690,46,23,23,50,Africa,"2,010"
Emigrants,Swaziland,748,44,24,20,54.5,Africa,"2,010"
Emigrants,Lithuania,440,44,35,9,79.5,Europe,"2,010"
Emigrants,Dominican Republic,214,39,26,13,66.7,North America,"2,010"
Emigrants,Ghana,288,27,11,16,40.7,Africa,"2,010"
Emigrants,El Salvador,222,26,10,16,38.5,Central America,"2,010"
Emigrants,Belarus,112,26,10,16,38.5,Europe,"2,010"
Emigrants,Bhutan,64,25,20,5,80,Asia,"2,010"
Emigrants,Barbados,52,23,11,12,47.8,North America,"2,010"
Emigrants,Central African Republic,140,13,6,7,46.2,Africa,"2,010"
Emigrants,Saint Lucia,662,13,4,9,30.8,North America,"2,010"
Emigrants,Antigua and Barbuda,28,7,4,3,57.1,North America,"2,010"
Immigrants,United Kingdom,826,1206060,613885,592175,50.9,Europe,"2,015"
Immigrants,New Zealand,554,575163,293333,281830,51,Australia,"2,015"
Immigrants,China,156,509635,226788,282847,44.5,Asia,"2,015"
Immigrants,India,356,448940,244223,204717,54.4,Asia,"2,015"
Immigrants,Philippines,608,241235,94805,146430,39.3,Asia,"2,015"
Immigrants,Viet Nam,704,235732,107022,128710,45.4,Asia,"2,015"
Immigrants,Italy,380,198440,102593,95847,51.7,Europe,"2,015"
Immigrants,South Africa,710,177482,88386,89096,49.8,Africa,"2,015"
Immigrants,Malaysia,458,144205,67488,76717,46.8,Asia,"2,015"
Immigrants,Sri Lanka,144,119760,61916,57844,51.7,Asia,"2,015"
Immigrants,Germany,276,118882,56350,62532,47.4,Europe,"2,015"
Immigrants,Greece,300,115825,56407,59418,48.7,Europe,"2,015"
Immigrants,Republic of Korea,410,106655,50235,56420,47.1,Asia,"2,015"
Immigrants,United States of America,840,104434,52948,51486,50.7,North America,"2,015"
Immigrants,"China, Hong Kong SAR",344,95107,45937,49170,48.3,Asia,"2,015"
Immigrants,Lebanon,422,93227,48571,44656,52.1,Asia,"2,015"
Immigrants,Ireland,372,90665,48506,42159,53.5,Europe,"2,015"
Immigrants,Netherlands,528,80566,40928,39638,50.8,Europe,"2,015"
Immigrants,Indonesia,360,76976,33485,43491,43.5,Asia,"2,015"
Immigrants,Fiji,242,72652,34001,38651,46.8,Oceania,"2,015"
Immigrants,Iraq,368,70625,36442,34183,51.6,Asia,"2,015"
Immigrants,Thailand,764,66376,21572,44804,32.5,Asia,"2,015"
Immigrants,Pakistan,586,62116,37704,24412,60.7,Asia,"2,015"
Immigrants,Croatia,191,61762,31005,30757,50.2,Europe,"2,015"
Immigrants,Iran,364,61710,32768,28942,53.1,Asia,"2,015"
Immigrants,Singapore,702,59325,27705,31620,46.7,Asia,"2,015"
Immigrants,Poland,616,54501,23653,30848,43.4,Europe,"2,015"
Immigrants,Canada,124,52593,24456,28137,46.5,North America,"2,015"
Immigrants,Taiwan,158,52135,22157,29978,42.5,Asia,"2,015"
Immigrants,Nepal,524,50235,27981,22254,55.7,Asia,"2,015"
Immigrants,TFYR Macedonia,807,49963,25081,24882,50.2,Europe,"2,015"
Immigrants,Afghanistan,4,49616,28926,20690,58.3,Asia,"2,015"
Immigrants,Japan,392,47609,15425,32184,32.4,Asia,"2,015"
Immigrants,Egypt,818,44717,23298,21419,52.1,Africa,"2,015"
Immigrants,Malta,470,44062,22339,21723,50.7,Europe,"2,015"
Immigrants,Bangladesh,50,43074,23906,19168,55.5,Asia,"2,015"
Immigrants,Zimbabwe,716,40243,20081,20162,49.9,Africa,"2,015"
Immigrants,Turkey,792,39817,20625,19192,51.8,Asia,"2,015"
Immigrants,Bosnia and Herzegovina,70,36757,18195,18562,49.5,Europe,"2,015"
Immigrants,France,250,36539,19037,17502,52.1,Europe,"2,015"
Immigrants,Cambodia,116,34438,15669,18769,45.5,Asia,"2,015"
Immigrants,Serbia,688,33796,16695,17101,49.4,Europe,"2,015"
Immigrants,Papua New Guinea,598,33592,15184,18408,45.2,Oceania,"2,015"
Immigrants,Myanmar,104,32170,15956,16214,49.6,Asia,"2,015"
Immigrants,Chile,152,30250,14641,15609,48.4,South America,"2,015"
Immigrants,Mauritius,480,28687,14171,14516,49.4,Africa,"2,015"
Immigrants,Samoa,882,27802,13845,13957,49.8,Oceania,"2,015"
Immigrants,Brazil,76,27395,12903,14492,47.1,South America,"2,015"
Immigrants,Russian Federation,643,25738,9832,15906,38.2,Europe,"2,015"
Immigrants,Hungary,348,21140,10401,10739,49.2,Europe,"2,015"
Immigrants,Cyprus,196,20077,9878,10199,49.2,Asia,"2,015"
Immigrants,Colombia,170,19945,9254,10691,46.4,South America,"2,015"
Immigrants,Kenya,404,19736,9769,9967,49.5,Africa,"2,015"
Immigrants,Sudan,729,19698,10046,9652,51,Africa,"2,015"
Immigrants,Portugal,620,19148,9823,9325,51.3,Europe,"2,015"
Immigrants,Austria,40,17969,9326,8643,51.9,Europe,"2,015"
Immigrants,Spain,724,17736,8974,8762,50.6,Europe,"2,015"
Immigrants,Ukraine,804,17064,7099,9965,41.6,Europe,"2,015"
Immigrants,Romania,642,17054,8186,8868,48,Europe,"2,015"
Immigrants,Argentina,32,15530,7532,7998,48.5,South America,"2,015"
Immigrants,Saudi Arabia,682,14386,8071,6315,56.1,Asia,"2,015"
Immigrants,Switzerland,756,14177,7330,6847,51.7,Europe,"2,015"
Immigrants,Syrian Arab Republic,760,13864,6710,7154,48.4,Asia,"2,015"
Immigrants,Czech Republic,203,13236,6221,7015,47,Europe,"2,015"
Immigrants,Ethiopia,231,13123,6365,6758,48.5,Africa,"2,015"
Immigrants,Tonga,776,11862,6299,5563,53.1,Oceania,"2,015"
Immigrants,Sweden,752,11485,4824,6661,42,Europe,"2,015"
Immigrants,El Salvador,222,11360,5510,5850,48.5,Central America,"2,015"
Immigrants,Peru,604,11282,4908,6374,43.5,South America,"2,015"
Immigrants,Israel,376,11250,6311,4939,56.1,Asia,"2,015"
Immigrants,Laos,418,11020,5168,5852,46.9,Asia,"2,015"
Immigrants,Uruguay,858,10589,5062,5527,47.8,South America,"2,015"
Immigrants,Denmark,208,10235,5302,4933,51.8,Europe,"2,015"
Immigrants,Timor-Leste,626,9992,4966,5026,49.7,Asia,"2,015"
Immigrants,Finland,246,9175,3734,5441,40.7,Europe,"2,015"
Immigrants,Somalia,706,8686,4204,4482,48.4,Africa,"2,015"
Immigrants,Nigeria,566,8412,5064,3348,60.2,Africa,"2,015"
Immigrants,United Arab Emirates,784,8122,4297,3825,52.9,Asia,"2,015"
Immigrants,Slovenia,705,8068,4034,4034,50,Europe,"2,015"
Immigrants,South Sudan,728,7511,4139,3372,55.1,Africa,"2,015"
Immigrants,Zambia,894,7323,3603,3720,49.2,Africa,"2,015"
Immigrants,Belgium,56,7288,3673,3615,50.4,Europe,"2,015"
Immigrants,Slovakia,703,6701,3103,3598,46.3,Europe,"2,015"
Immigrants,Kuwait,414,6575,3919,2656,59.6,Asia,"2,015"
Immigrants,Jordan,400,6554,3644,2910,55.6,Asia,"2,015"
Immigrants,Ghana,288,5909,3232,2677,54.7,Africa,"2,015"
Immigrants,Bhutan,64,5834,2975,2859,51,Asia,"2,015"
Immigrants,Venezuela,862,5771,2886,2885,50,South America,"2,015"
Immigrants,Mexico,484,5410,2624,2786,48.5,North America,"2,015"
Immigrants,Latvia,428,4992,1992,3000,39.9,Europe,"2,015"
Immigrants,Eritrea,232,4662,2284,2378,49,Africa,"2,015"
Immigrants,Tanzania,834,4495,2382,2113,53,Africa,"2,015"
Immigrants,Norway,578,4382,1946,2436,44.4,Europe,"2,015"
Immigrants,D.R. Congo,180,4318,2168,2150,50.2,Africa,"2,015"
Immigrants,Sierra Leone,694,3989,1987,2002,49.8,Africa,"2,015"
Immigrants,Bulgaria,100,3939,1820,2119,46.2,Europe,"2,015"
Immigrants,Uganda,800,3800,1915,1885,50.4,Africa,"2,015"
Immigrants,Liberia,430,3518,1675,1843,47.6,Africa,"2,015"
Immigrants,Albania,8,3447,1775,1672,51.5,Europe,"2,015"
Immigrants,Estonia,233,3443,1450,1993,42.1,Europe,"2,015"
Immigrants,Lithuania,440,3374,1370,2004,40.6,Europe,"2,015"
Immigrants,State of Palestine,275,3194,1801,1393,56.4,Asia,"2,015"
Immigrants,Seychelles,690,3025,1376,1649,45.5,Africa,"2,015"
Immigrants,Brunei Darussalam,96,2893,1392,1501,48.1,Asia,"2,015"
Immigrants,Libya,434,2797,1482,1315,53,Africa,"2,015"
Immigrants,"China, Macao SAR",446,2781,1226,1555,44.1,Asia,"2,015"
Immigrants,Ecuador,218,2758,1357,1401,49.2,South America,"2,015"
Immigrants,Burundi,108,2385,1212,1173,50.8,Africa,"2,015"
Immigrants,Solomon Islands,90,2295,1033,1262,45,Oceania,"2,015"
Immigrants,Belarus,112,2177,884,1293,40.6,Europe,"2,015"
Immigrants,Morocco,504,2163,1198,965,55.4,Africa,"2,015"
Immigrants,Montenegro,499,2033,1021,1012,50.2,Europe,"2,015"
Immigrants,Kazakhstan,398,1911,701,1210,36.7,Asia,"2,015"
Immigrants,Trinidad and Tobago,780,1905,964,941,50.6,North America,"2,015"
Immigrants,Uzbekistan,860,1838,807,1031,43.9,Asia,"2,015"
Immigrants,Mongolia,496,1782,773,1009,43.4,Asia,"2,015"
Immigrants,Bahrain,48,1734,935,799,53.9,Asia,"2,015"
Immigrants,Congo,178,1606,784,822,48.8,Africa,"2,015"
Immigrants,Algeria,12,1606,972,634,60.5,Africa,"2,015"
Immigrants,Oman,512,1577,841,736,53.3,Asia,"2,015"
Immigrants,New Caledonia,540,1553,682,871,43.9,Oceania,"2,015"
Immigrants,Armenia,51,1463,639,824,43.7,Asia,"2,015"
Immigrants,Namibia,516,1436,712,724,49.6,Africa,"2,015"
Immigrants,Malawi,454,1414,696,718,49.2,Africa,"2,015"
Immigrants,Vanuatu,548,1390,705,685,50.7,Oceania,"2,015"
Immigrants,Botswana,72,1327,660,667,49.7,Africa,"2,015"
Immigrants,Jamaica,388,1279,680,599,53.2,North America,"2,015"
Immigrants,Republic of Moldova,498,1153,515,638,44.7,Europe,"2,015"
Immigrants,Qatar,634,1111,605,506,54.5,Asia,"2,015"
Immigrants,Bolivia,68,1058,495,563,46.8,South America,"2,015"
Immigrants,Mozambique,508,1006,488,518,48.5,Africa,"2,015"
Immigrants,Rwanda,646,981,467,514,47.6,Africa,"2,015"
Immigrants,Guinea,324,933,472,461,50.6,Africa,"2,015"
Immigrants,Cuba,192,882,482,400,54.6,North America,"2,015"
Immigrants,Nicaragua,558,863,402,461,46.6,Central America,"2,015"
Immigrants,Yemen,887,715,401,314,56.1,Asia,"2,015"
Immigrants,Guyana,328,661,311,350,47,South America,"2,015"
Immigrants,Tunisia,788,658,384,274,58.4,Africa,"2,015"
Immigrants,Azerbaijan,31,647,271,376,41.9,Asia,"2,015"
Immigrants,Kiribati,296,645,244,401,37.8,Oceania,"2,015"
Immigrants,Georgia,268,624,290,334,46.5,Asia,"2,015"
Immigrants,Iceland,352,608,324,284,53.3,Europe,"2,015"
Immigrants,Maldives,462,599,277,322,46.2,Asia,"2,015"
Immigrants,Côte d'Ivoire,384,595,306,289,51.4,Africa,"2,015"
Immigrants,Angola,24,560,292,268,52.1,Africa,"2,015"
Immigrants,Guatemala,320,536,250,286,46.6,Central America,"2,015"
Immigrants,French Polynesia,258,535,234,301,43.7,Oceania,"2,015"
Immigrants,Costa Rica,188,505,255,250,50.5,Central America,"2,015"
Immigrants,Paraguay,600,499,227,272,45.5,South America,"2,015"
Immigrants,Kyrgyzstan,417,492,180,312,36.6,Asia,"2,015"
Immigrants,Barbados,52,450,240,210,53.3,North America,"2,015"
Immigrants,Cameroon,120,450,264,186,58.7,Africa,"2,015"
Immigrants,Senegal,686,437,272,165,62.2,Africa,"2,015"
Immigrants,Swaziland,748,385,180,205,46.8,Africa,"2,015"
Immigrants,Togo,768,370,191,179,51.6,Africa,"2,015"
Immigrants,Honduras,340,315,147,168,46.7,Central America,"2,015"
Immigrants,Bahamas,44,308,140,168,45.5,North America,"2,015"
Immigrants,Madagascar,450,295,114,181,38.6,Africa,"2,015"
Immigrants,Panama,591,255,131,124,51.4,Central America,"2,015"
Immigrants,Luxembourg,442,252,112,140,44.4,Europe,"2,015"
Immigrants,Réunion,638,222,100,122,45,Africa,"2,015"
Immigrants,Dominican Republic,214,208,83,125,39.9,North America,"2,015"
Immigrants,Djibouti,262,190,98,92,51.6,Africa,"2,015"
Immigrants,Puerto Rico,630,172,92,80,53.5,North America,"2,015"
Immigrants,Suriname,740,165,67,98,40.6,South America,"2,015"
Immigrants,Tajikistan,762,158,57,101,36.1,Asia,"2,015"
Immigrants,Lesotho,426,150,80,70,53.3,Africa,"2,015"
Immigrants,Curaçao,531,148,66,82,44.6,America,"2,015"
Immigrants,Grenada,308,140,70,70,50,North America,"2,015"
Immigrants,Gambia,270,128,72,56,56.2,Africa,"2,015"
Immigrants,Haiti,332,120,60,60,50,North America,"2,015"
Immigrants,Guam,316,120,62,58,51.7,Oceania,"2,015"
Immigrants,Benin,204,105,75,30,71.4,Africa,"2,015"
Immigrants,Turkmenistan,795,102,30,72,29.4,Asia,"2,015"
Immigrants,Monaco,492,82,40,42,48.8,Europe,"2,015"
Immigrants,Belize,84,80,35,45,43.8,Central America,"2,015"
Immigrants,Mali,466,80,48,32,60,Africa,"2,015"
Immigrants,Saint Lucia,662,70,40,30,57.1,North America,"2,015"
Immigrants,Saint Vincent and the Grenadines,670,70,40,30,57.1,North America,"2,015"
Immigrants,Aruba,533,68,28,40,41.2,North America,"2,015"
Immigrants,Chad,148,68,43,25,63.2,Africa,"2,015"
Immigrants,Antigua and Barbuda,28,58,23,35,39.7,North America,"2,015"
Immigrants,Burkina Faso,854,58,36,22,62.1,Africa,"2,015"
Immigrants,Gabon,266,47,27,20,57.4,Africa,"2,015"
Immigrants,Central African Republic,140,33,21,12,63.6,Africa,"2,015"
Emigrants,United Kingdom,826,125672,61705,63967,49.1,Europe,"2,015"
Emigrants,New Zealand,554,68984,32353,36631,46.9,Australia,"2,015"
Emigrants,Japan,392,34359,20684,13675,60.2,Asia,"2,015"
Emigrants,Canada,124,30029,15705,14324,52.3,North America,"2,015"
Emigrants,Greece,300,20182,8698,11484,43.1,Europe,"2,015"
Emigrants,Italy,380,18983,8353,10630,44,Europe,"2,015"
Emigrants,Singapore,702,14060,7410,6650,52.7,Asia,"2,015"
Emigrants,China,156,13046,7267,5779,55.7,Asia,"2,015"
Emigrants,Papua New Guinea,598,9183,6226,2957,67.8,Oceania,"2,015"
Emigrants,"China, Hong Kong SAR",344,9098,4704,4394,51.7,Asia,"2,015"
Emigrants,Ireland,372,6602,3314,3288,50.2,Europe,"2,015"
Emigrants,Malta,470,6006,3051,2955,50.8,Europe,"2,015"
Emigrants,Israel,376,3480,1740,1740,50,Asia,"2,015"
Emigrants,Denmark,208,3006,1593,1413,53,Europe,"2,015"
Emigrants,Cyprus,196,2870,1395,1475,48.6,Asia,"2,015"
Emigrants,South Africa,710,2667,1355,1312,50.8,Africa,"2,015"
Emigrants,Indonesia,360,2563,1369,1194,53.4,Asia,"2,015"
Emigrants,Malaysia,458,2432,1342,1090,55.2,Asia,"2,015"
Emigrants,Philippines,608,2407,1721,686,71.5,Asia,"2,015"
Emigrants,Norway,578,2206,1346,860,61,Europe,"2,015"
Emigrants,India,356,1986,1027,959,51.7,Asia,"2,015"
Emigrants,Fiji,242,1887,1019,868,54,Oceania,"2,015"
Emigrants,Croatia,191,1595,754,841,47.3,Europe,"2,015"
Emigrants,Chile,152,1236,641,595,51.9,South America,"2,015"
Emigrants,Portugal,620,1202,523,679,43.5,Europe,"2,015"
Emigrants,Poland,616,1153,664,489,57.6,Europe,"2,015"
Emigrants,Finland,246,1035,635,400,61.4,Europe,"2,015"
Emigrants,Hungary,348,906,466,440,51.4,Europe,"2,015"
Emigrants,Argentina,32,892,409,483,45.9,South America,"2,015"
Emigrants,Taiwan,158,786,549,237,69.8,Asia,"2,015"
Emigrants,Libya,434,746,521,225,69.8,Africa,"2,015"
Emigrants,Serbia,688,683,333,350,48.8,Europe,"2,015"
Emigrants,Brazil,76,660,585,75,88.6,South America,"2,015"
Emigrants,Vanuatu,548,651,324,327,49.8,Oceania,"2,015"
Emigrants,Timor-Leste,626,562,349,213,62.1,Asia,"2,015"
Emigrants,Namibia,516,524,204,320,38.9,Africa,"2,015"
Emigrants,Brunei Darussalam,96,515,283,232,55,Asia,"2,015"
Emigrants,Mexico,484,479,257,222,53.7,North America,"2,015"
Emigrants,Sri Lanka,144,469,226,243,48.2,Asia,"2,015"
Emigrants,Peru,604,442,247,195,55.9,South America,"2,015"
Emigrants,Colombia,170,438,238,200,54.3,South America,"2,015"
Emigrants,Botswana,72,367,177,190,48.2,Africa,"2,015"
Emigrants,Slovenia,705,363,201,162,55.4,Europe,"2,015"
Emigrants,Slovakia,703,288,158,130,54.9,Europe,"2,015"
Emigrants,Samoa,882,287,160,127,55.7,Oceania,"2,015"
Emigrants,Solomon Islands,90,279,157,122,56.3,Oceania,"2,015"
Emigrants,Panama,591,279,194,85,69.5,Central America,"2,015"
Emigrants,New Caledonia,540,258,98,160,38,Oceania,"2,015"
Emigrants,Mongolia,496,233,131,102,56.2,Asia,"2,015"
Emigrants,Zambia,894,232,119,113,51.3,Africa,"2,015"
Emigrants,Bolivia,68,229,126,103,55,South America,"2,015"
Emigrants,Ecuador,218,206,112,94,54.4,South America,"2,015"
Emigrants,Laos,418,205,144,61,70.2,Asia,"2,015"
Emigrants,Dem. People's Republic of Korea,408,202,109,93,54,Asia,"2,015"
Emigrants,Bulgaria,100,200,110,90,55,Europe,"2,015"
Emigrants,Uganda,800,180,83,97,46.1,Africa,"2,015"
Emigrants,Venezuela,862,148,76,72,51.4,South America,"2,015"
Emigrants,Montenegro,499,137,45,92,32.8,Europe,"2,015"
Emigrants,Iceland,352,121,60,61,49.6,Europe,"2,015"
Emigrants,Cambodia,116,116,77,39,66.4,Asia,"2,015"
Emigrants,Azerbaijan,31,114,53,61,46.5,Asia,"2,015"
Emigrants,Estonia,233,98,75,23,76.5,Europe,"2,015"
Emigrants,Latvia,428,83,59,24,71.1,Europe,"2,015"
Emigrants,Bahamas,44,83,42,41,50.6,North America,"2,015"
Emigrants,Kiribati,296,82,46,36,56.1,Oceania,"2,015"
Emigrants,Maldives,462,78,69,9,88.5,Asia,"2,015"
Emigrants,Luxembourg,442,76,42,34,55.3,Europe,"2,015"
Emigrants,French Polynesia,258,70,34,36,48.6,Oceania,"2,015"
Emigrants,Guatemala,320,67,41,26,61.2,Central America,"2,015"
Emigrants,Costa Rica,188,67,34,33,50.7,Central America,"2,015"
Emigrants,Swaziland,748,55,32,23,58.2,Africa,"2,015"
Emigrants,Seychelles,690,51,27,24,52.9,Africa,"2,015"
Emigrants,Lithuania,440,41,32,9,78,Europe,"2,015"
Emigrants,Dominican Republic,214,40,28,12,70,North America,"2,015"
Emigrants,Ghana,288,33,14,19,42.4,Africa,"2,015"
Emigrants,Belarus,112,28,12,16,42.9,Europe,"2,015"
Emigrants,El Salvador,222,27,10,17,37,Central America,"2,015"
Emigrants,Bhutan,64,27,22,5,81.5,Asia,"2,015"
Emigrants,Barbados,52,24,12,12,50,North America,"2,015"
Emigrants,Saint Lucia,662,12,4,8,33.3,North America,"2,015"
Emigrants,Guinea,324,10,7,3,70,Africa,"2,015"
Emigrants,Central African Republic,140,10,5,5,50,Africa,"2,015"
Emigrants,Antigua and Barbuda,28,7,4,3,57.1,North America,"2,015"
Immigrants,United Kingdom,826,1171185,596133,575052,50.9,Europe,"2,020"
Immigrants,India,356,707980,383725,324255,54.2,Asia,"2,020"
Immigrants,China,156,632690,281547,351143,44.5,Asia,"2,020"
Immigrants,New Zealand,554,583769,296555,287214,50.8,Australia,"2,020"
Immigrants,Philippines,608,305063,119280,185783,39.1,Asia,"2,020"
Immigrants,Viet Nam,704,273771,120459,153312,44,Asia,"2,020"
Immigrants,South Africa,710,199994,99397,100597,49.7,Africa,"2,020"
Immigrants,Malaysia,458,177343,83529,93814,47.1,Asia,"2,020"
Immigrants,Italy,380,174147,88989,85158,51.1,Europe,"2,020"
Immigrants,Sri Lanka,144,140771,73482,67289,52.2,Asia,"2,020"
Immigrants,Nepal,524,128651,69986,58665,54.4,Asia,"2,020"
Immigrants,United States of America,840,112841,53148,59693,47.1,North America,"2,020"
Immigrants,Republic of Korea,410,111668,51367,60301,46,Asia,"2,020"
Immigrants,Germany,276,109881,51314,58567,46.7,Europe,"2,020"
Immigrants,"China, Hong Kong SAR",344,103398,49528,53870,47.9,Asia,"2,020"
Immigrants,Greece,300,103086,49069,54017,47.6,Europe,"2,020"
Immigrants,Iraq,368,99643,51017,48626,51.2,Asia,"2,020"
Immigrants,Pakistan,586,95549,57425,38124,60.1,Asia,"2,020"
Immigrants,Lebanon,422,95153,49670,45483,52.2,Asia,"2,020"
Immigrants,Indonesia,360,93414,39421,53993,42.2,Asia,"2,020"
Immigrants,Thailand,764,88230,26645,61585,30.2,Asia,"2,020"
Immigrants,Ireland,372,87726,46758,40968,53.3,Europe,"2,020"
Immigrants,Fiji,242,76355,35887,40468,47,Oceania,"2,020"
Immigrants,Iran,364,76276,40884,35392,53.6,Asia,"2,020"
Immigrants,Netherlands,528,72244,36266,35978,50.2,Europe,"2,020"
Immigrants,Singapore,702,64938,28638,36300,44.1,Asia,"2,020"
Immigrants,Afghanistan,4,62531,36331,26200,58.1,Asia,"2,020"
Immigrants,Canada,124,56241,25308,30933,45,North America,"2,020"
Immigrants,Taiwan,158,55039,22786,32253,41.4,Asia,"2,020"
Immigrants,Bangladesh,50,55031,29882,25149,54.3,Asia,"2,020"
Immigrants,Croatia,191,54563,26845,27718,49.2,Europe,"2,020"
Immigrants,Brazil,76,52702,24928,27774,47.3,South America,"2,020"
Immigrants,TFYR Macedonia,807,51159,25324,25835,49.5,Europe,"2,020"
Immigrants,Poland,616,50819,21751,29068,42.8,Europe,"2,020"
Immigrants,Japan,392,48694,14657,34037,30.1,Asia,"2,020"
Immigrants,Egypt,818,47278,24679,22599,52.2,Africa,"2,020"
Immigrants,Zimbabwe,716,44036,21754,22282,49.4,Africa,"2,020"
Immigrants,Turkey,792,42286,22031,20255,52.1,Asia,"2,020"
Immigrants,Cambodia,116,41140,18307,22833,44.5,Asia,"2,020"
Immigrants,Myanmar,104,41133,20772,20361,50.5,Asia,"2,020"
Immigrants,France,250,40124,20664,19460,51.5,Europe,"2,020"
Immigrants,Malta,470,39249,19703,19546,50.2,Europe,"2,020"
Immigrants,Colombia,170,39104,18457,20647,47.2,South America,"2,020"
Immigrants,Papua New Guinea,598,33732,15078,18654,44.7,Oceania,"2,020"
Immigrants,Samoa,882,33647,17025,16622,50.6,Oceania,"2,020"
Immigrants,Chile,152,33595,16294,17301,48.5,South America,"2,020"
Immigrants,Bosnia and Herzegovina,70,32994,16167,16827,49,Europe,"2,020"
Immigrants,Serbia,688,31787,15448,16339,48.6,Europe,"2,020"
Immigrants,Syrian Arab Republic,760,31180,15465,15715,49.6,Asia,"2,020"
Immigrants,Mauritius,480,29308,14332,14976,48.9,Africa,"2,020"
Immigrants,Russian Federation,643,28593,10722,17871,37.5,Europe,"2,020"
Immigrants,Kenya,404,24960,11906,13054,47.7,Africa,"2,020"
Immigrants,Argentina,32,20027,9693,10334,48.4,South America,"2,020"
Immigrants,Spain,724,19333,9415,9918,48.7,Europe,"2,020"
Immigrants,Hungary,348,18673,8926,9747,47.8,Europe,"2,020"
Immigrants,Portugal,620,18631,9483,9148,50.9,Europe,"2,020"
Immigrants,Sudan,729,18588,9461,9127,50.9,Africa,"2,020"
Immigrants,Cyprus,196,18425,8918,9507,48.4,Asia,"2,020"
Immigrants,Ukraine,804,17109,6998,10111,40.9,Europe,"2,020"
Immigrants,Romania,642,16766,7897,8869,47.1,Europe,"2,020"
Immigrants,Austria,40,15703,8087,7616,51.5,Europe,"2,020"
Immigrants,Ethiopia,231,15644,7572,8072,48.4,Africa,"2,020"
Immigrants,Tonga,776,15295,8596,6699,56.2,Oceania,"2,020"
Immigrants,Saudi Arabia,682,14974,8146,6828,54.4,Asia,"2,020"
Immigrants,Nigeria,566,14133,8211,5922,58.1,Africa,"2,020"
Immigrants,Switzerland,756,13924,7185,6739,51.6,Europe,"2,020"
Immigrants,United Arab Emirates,784,13588,7147,6441,52.6,Asia,"2,020"
Immigrants,Peru,604,12802,5454,7348,42.6,South America,"2,020"
Immigrants,Bhutan,64,12424,6125,6299,49.3,Asia,"2,020"
Immigrants,Israel,376,12151,6756,5395,55.6,Asia,"2,020"
Immigrants,Czech Republic,203,11756,5361,6395,45.6,Europe,"2,020"
Immigrants,Sweden,752,11728,4773,6955,40.7,Europe,"2,020"
Immigrants,Laos,418,11680,5314,6366,45.5,Asia,"2,020"
Immigrants,El Salvador,222,11260,5382,5878,47.8,Central America,"2,020"
Immigrants,Uruguay,858,10470,4963,5507,47.4,South America,"2,020"
Immigrants,Timor-Leste,626,10247,5236,5011,51.1,Asia,"2,020"
Immigrants,Denmark,208,9646,4891,4755,50.7,Europe,"2,020"
Immigrants,Somalia,706,9268,4458,4810,48.1,Africa,"2,020"
Immigrants,South Sudan,728,9004,4682,4322,52,Africa,"2,020"
Immigrants,Finland,246,8576,3319,5257,38.7,Europe,"2,020"
Immigrants,Jordan,400,8544,4691,3853,54.9,Asia,"2,020"
Immigrants,Belgium,56,7823,3912,3911,50,Europe,"2,020"
Immigrants,Mexico,484,7647,3571,4076,46.7,North America,"2,020"
Immigrants,Zambia,894,7609,3736,3873,49.1,Africa,"2,020"
Immigrants,Kuwait,414,7381,4185,3196,56.7,Asia,"2,020"
Immigrants,Venezuela,862,7349,3557,3792,48.4,South America,"2,020"
Immigrants,Ghana,288,7169,3957,3212,55.2,Africa,"2,020"
Immigrants,Slovakia,703,6999,3143,3856,44.9,Europe,"2,020"
Immigrants,D.R. Congo,180,6895,3482,3413,50.5,Africa,"2,020"
Immigrants,Slovenia,705,6627,3174,3453,47.9,Europe,"2,020"
Immigrants,Mongolia,496,6319,3039,3280,48.1,Asia,"2,020"
Immigrants,Eritrea,232,6230,3053,3177,49,Africa,"2,020"
Immigrants,Tanzania,834,4885,2545,2340,52.1,Africa,"2,020"
Immigrants,Uganda,800,4582,2236,2346,48.8,Africa,"2,020"
Immigrants,Bulgaria,100,4108,1832,2276,44.6,Europe,"2,020"
Immigrants,Norway,578,4100,1833,2267,44.7,Europe,"2,020"
Immigrants,Sierra Leone,694,4094,2047,2047,50,Africa,"2,020"
Immigrants,Latvia,428,3990,1528,2462,38.3,Europe,"2,020"
Immigrants,Albania,8,3973,2026,1947,51,Europe,"2,020"
Immigrants,Vanuatu,548,3750,2524,1226,67.3,Oceania,"2,020"
Immigrants,Liberia,430,3579,1689,1890,47.2,Africa,"2,020"
Immigrants,Estonia,233,3553,1460,2093,41.1,Europe,"2,020"
Immigrants,Lithuania,440,3339,1279,2060,38.3,Europe,"2,020"
Immigrants,State of Palestine,275,3230,1802,1428,55.8,Asia,"2,020"
Immigrants,Brunei Darussalam,96,3159,1504,1655,47.6,Asia,"2,020"
Immigrants,Burundi,108,3037,1518,1519,50,Africa,"2,020"
Immigrants,"China, Macao SAR",446,2961,1324,1637,44.7,Asia,"2,020"
Immigrants,Solomon Islands,90,2886,1359,1527,47.1,Oceania,"2,020"
Immigrants,Libya,434,2881,1524,1357,52.9,Africa,"2,020"
Immigrants,Ecuador,218,2836,1341,1495,47.3,South America,"2,020"
Immigrants,Seychelles,690,2831,1280,1551,45.2,Africa,"2,020"
Immigrants,Morocco,504,2603,1367,1236,52.5,Africa,"2,020"
Immigrants,Belarus,112,2479,959,1520,38.7,Europe,"2,020"
Immigrants,Kazakhstan,398,2438,870,1568,35.7,Asia,"2,020"
Immigrants,Congo,178,2324,1092,1232,47,Africa,"2,020"
Immigrants,Uzbekistan,860,2292,1034,1258,45.1,Asia,"2,020"
Immigrants,Bahrain,48,2135,1138,997,53.3,Asia,"2,020"
Immigrants,Qatar,634,1993,1064,929,53.4,Asia,"2,020"
Immigrants,Oman,512,1877,989,888,52.7,Asia,"2,020"
Immigrants,Montenegro,499,1876,900,976,48,Europe,"2,020"
Immigrants,Trinidad and Tobago,780,1850,899,951,48.6,North America,"2,020"
Immigrants,Malawi,454,1692,838,854,49.5,Africa,"2,020"
Immigrants,Namibia,516,1687,823,864,48.8,Africa,"2,020"
Immigrants,Algeria,12,1684,978,706,58.1,Africa,"2,020"
Immigrants,Botswana,72,1599,777,822,48.6,Africa,"2,020"
Immigrants,New Caledonia,540,1536,693,843,45.1,Oceania,"2,020"
Immigrants,Armenia,51,1443,620,823,43,Asia,"2,020"
Immigrants,Republic of Moldova,498,1360,570,790,41.9,Europe,"2,020"
Immigrants,Jamaica,388,1317,682,635,51.8,North America,"2,020"
Immigrants,Rwanda,646,1183,543,640,45.9,Africa,"2,020"
Immigrants,Bolivia,68,1125,512,613,45.5,South America,"2,020"
Immigrants,Mozambique,508,1055,506,549,48,Africa,"2,020"
Immigrants,Guinea,324,1050,495,555,47.1,Africa,"2,020"
Immigrants,Yemen,887,1011,587,424,58.1,Asia,"2,020"
Immigrants,Cuba,192,972,528,444,54.3,North America,"2,020"
Immigrants,Kiribati,296,903,367,536,40.6,Oceania,"2,020"
Immigrants,Nicaragua,558,895,424,471,47.4,Central America,"2,020"
Immigrants,Georgia,268,763,355,408,46.5,Asia,"2,020"
Immigrants,Tunisia,788,762,412,350,54.1,Africa,"2,020"
Immigrants,Azerbaijan,31,745,320,425,43,Asia,"2,020"
Immigrants,Côte d'Ivoire,384,657,337,320,51.3,Africa,"2,020"
Immigrants,Guatemala,320,640,303,337,47.3,Central America,"2,020"
Immigrants,Kyrgyzstan,417,638,225,413,35.3,Asia,"2,020"
Immigrants,Maldives,462,636,293,343,46.1,Asia,"2,020"
Immigrants,Guyana,328,618,301,317,48.7,South America,"2,020"
Immigrants,Costa Rica,188,616,298,318,48.4,Central America,"2,020"
Immigrants,Cameroon,120,581,334,247,57.5,Africa,"2,020"
Immigrants,Paraguay,600,572,247,325,43.2,South America,"2,020"
Immigrants,Angola,24,570,302,268,53,Africa,"2,020"
Immigrants,French Polynesia,258,543,235,308,43.3,Oceania,"2,020"
Immigrants,Senegal,686,467,259,208,55.5,Africa,"2,020"
Immigrants,Iceland,352,462,243,219,52.6,Europe,"2,020"
Immigrants,Barbados,52,430,239,191,55.6,North America,"2,020"
Immigrants,Honduras,340,385,187,198,48.6,Central America,"2,020"
Immigrants,Swaziland,748,370,170,200,45.9,Africa,"2,020"
Immigrants,Madagascar,450,353,140,213,39.7,Africa,"2,020"
Immigrants,Togo,768,347,167,180,48.1,Africa,"2,020"
Immigrants,Panama,591,314,133,181,42.4,Central America,"2,020"
Immigrants,Luxembourg,442,308,150,158,48.7,Europe,"2,020"
Immigrants,Bahamas,44,307,142,165,46.3,North America,"2,020"
Immigrants,Dominican Republic,214,260,94,166,36.2,North America,"2,020"
Immigrants,Puerto Rico,630,220,112,108,50.9,North America,"2,020"
Immigrants,Réunion,638,218,98,120,45,Africa,"2,020"
Immigrants,Tajikistan,762,208,80,128,38.5,Asia,"2,020"
Immigrants,Djibouti,262,200,100,100,50,Africa,"2,020"
Immigrants,Suriname,740,160,62,98,38.8,South America,"2,020"
Immigrants,Lesotho,426,150,70,80,46.7,Africa,"2,020"
Immigrants,Grenada,308,150,78,72,52,North America,"2,020"
Immigrants,Curaçao,531,150,62,88,41.3,America,"2,020"
Immigrants,Central African Republic,140,141,74,67,52.5,Africa,"2,020"
Immigrants,Turkmenistan,795,135,40,95,29.6,Asia,"2,020"
Immigrants,Gambia,270,130,82,48,63.1,Africa,"2,020"
Immigrants,Guam,316,130,70,60,53.8,Oceania,"2,020"
Immigrants,Haiti,332,128,68,60,53.1,North America,"2,020"
Immigrants,Benin,204,98,60,38,61.2,Africa,"2,020"
Immigrants,Chad,148,94,51,43,54.3,Africa,"2,020"
Immigrants,Monaco,492,88,40,48,45.5,Europe,"2,020"
Immigrants,Belize,84,80,30,50,37.5,Central America,"2,020"
Immigrants,Aruba,533,72,21,51,29.2,North America,"2,020"
Immigrants,Saint Lucia,662,70,30,40,42.9,North America,"2,020"
Immigrants,Saint Vincent and the Grenadines,670,68,46,22,67.6,North America,"2,020"
Immigrants,Antigua and Barbuda,28,60,30,30,50,North America,"2,020"
Immigrants,Burkina Faso,854,58,28,30,48.3,Africa,"2,020"
Immigrants,Mali,466,57,27,30,47.4,Africa,"2,020"
Immigrants,Gabon,266,50,28,22,56,Africa,"2,020"
Emigrants,United Kingdom,826,124920,64459,60461,51.6,Europe,"2,020"
Emigrants,New Zealand,554,80634,38140,42494,47.3,Australia,"2,020"
Emigrants,Japan,392,30721,19784,10937,64.4,Asia,"2,020"
Emigrants,Canada,124,26000,13572,12428,52.2,North America,"2,020"
Emigrants,Greece,300,20630,9655,10975,46.8,Europe,"2,020"
Emigrants,Italy,380,19237,8503,10734,44.2,Europe,"2,020"
Emigrants,Singapore,702,15131,8004,7127,52.9,Asia,"2,020"
Emigrants,Malta,470,13091,7174,5917,54.8,Europe,"2,020"
Emigrants,China,156,12610,6393,6217,50.7,Asia,"2,020"
Emigrants,"China, Hong Kong SAR",344,9486,4743,4743,50,Asia,"2,020"
Emigrants,Papua New Guinea,598,9219,6269,2950,68,Oceania,"2,020"
Emigrants,Ireland,372,8883,4468,4415,50.3,Europe,"2,020"
Emigrants,Israel,376,3752,1921,1831,51.2,Asia,"2,020"
Emigrants,Denmark,208,3430,1859,1571,54.2,Europe,"2,020"
Emigrants,Cyprus,196,2961,1448,1513,48.9,Asia,"2,020"
Emigrants,South Africa,710,2666,1325,1341,49.7,Africa,"2,020"
Emigrants,Norway,578,2457,1499,958,61,Europe,"2,020"
Emigrants,Malaysia,458,2432,1345,1087,55.3,Asia,"2,020"
Emigrants,Fiji,242,1941,1042,899,53.7,Oceania,"2,020"
Emigrants,India,356,1852,974,878,52.6,Asia,"2,020"
Emigrants,Poland,616,1764,923,841,52.3,Europe,"2,020"
Emigrants,Croatia,191,1499,711,788,47.4,Europe,"2,020"
Emigrants,Philippines,608,1489,1315,174,88.3,Asia,"2,020"
Emigrants,Indonesia,360,1466,780,686,53.2,Asia,"2,020"
Emigrants,Portugal,620,1377,622,755,45.2,Europe,"2,020"
Emigrants,Chile,152,1333,694,639,52.1,South America,"2,020"
Emigrants,Hungary,348,1246,680,566,54.6,Europe,"2,020"
Emigrants,Finland,246,1245,787,458,63.2,Europe,"2,020"
Emigrants,Egypt,818,1166,807,359,69.2,Africa,"2,020"
Emigrants,Serbia,688,928,470,458,50.6,Europe,"2,020"
Emigrants,Taiwan,158,919,622,297,67.7,Asia,"2,020"
Emigrants,Libya,434,797,564,233,70.8,Africa,"2,020"
Emigrants,Brazil,76,731,658,73,90,South America,"2,020"
Emigrants,Argentina,32,666,293,373,44,South America,"2,020"
Emigrants,Vanuatu,548,665,331,334,49.8,Oceania,"2,020"
Emigrants,Colombia,170,629,385,244,61.2,South America,"2,020"
Emigrants,Namibia,516,560,220,340,39.3,Africa,"2,020"
Emigrants,Brunei Darussalam,96,559,308,251,55.1,Asia,"2,020"
Emigrants,Timor-Leste,626,553,344,209,62.2,Asia,"2,020"
Emigrants,Mexico,484,528,299,229,56.6,North America,"2,020"
Emigrants,Sri Lanka,144,474,232,242,48.9,Asia,"2,020"
Emigrants,Slovakia,703,419,224,195,53.5,Europe,"2,020"
Emigrants,Peru,604,404,226,178,55.9,South America,"2,020"
Emigrants,Botswana,72,391,190,201,48.6,Africa,"2,020"
Emigrants,Slovenia,705,372,206,166,55.4,Europe,"2,020"
Emigrants,Panama,591,335,237,98,70.7,Central America,"2,020"
Emigrants,Zambia,894,323,170,153,52.6,Africa,"2,020"
Emigrants,Bulgaria,100,295,164,131,55.6,Europe,"2,020"
Emigrants,Luxembourg,442,287,138,149,48.1,Europe,"2,020"
Emigrants,New Caledonia,540,272,102,170,37.5,Oceania,"2,020"
Emigrants,Solomon Islands,90,271,153,118,56.5,Oceania,"2,020"
Emigrants,Samoa,882,270,151,119,55.9,Oceania,"2,020"
Emigrants,Bolivia,68,253,140,113,55.3,South America,"2,020"
Emigrants,Mongolia,496,248,140,108,56.5,Asia,"2,020"
Emigrants,Estonia,233,221,150,71,67.9,Europe,"2,020"
Emigrants,Laos,418,218,155,63,71.1,Asia,"2,020"
Emigrants,Dem. People's Republic of Korea,408,204,111,93,54.4,Asia,"2,020"
Emigrants,Uganda,800,197,92,105,46.7,Africa,"2,020"
Emigrants,Iceland,352,172,92,80,53.5,Europe,"2,020"
Emigrants,Ecuador,218,149,80,69,53.7,South America,"2,020"
Emigrants,Venezuela,862,137,70,67,51.1,South America,"2,020"
Emigrants,Montenegro,499,136,46,90,33.8,Europe,"2,020"
Emigrants,Cambodia,116,123,83,40,67.5,Asia,"2,020"
Emigrants,Latvia,428,111,77,34,69.4,Europe,"2,020"
Emigrants,Azerbaijan,31,101,47,54,46.5,Asia,"2,020"
Emigrants,Bahamas,44,88,46,42,52.3,North America,"2,020"
Emigrants,Kiribati,296,86,49,37,57,Oceania,"2,020"
Emigrants,Maldives,462,84,76,8,90.5,Asia,"2,020"
Emigrants,Costa Rica,188,79,41,38,51.9,Central America,"2,020"
Emigrants,Guatemala,320,74,47,27,63.5,Central America,"2,020"
Emigrants,French Polynesia,258,70,34,36,48.6,Oceania,"2,020"
Emigrants,Lithuania,440,57,48,9,84.2,Europe,"2,020"
Emigrants,Swaziland,748,54,32,22,59.3,Africa,"2,020"
Emigrants,Seychelles,690,50,27,23,54,Africa,"2,020"
Emigrants,Dominican Republic,214,41,28,13,68.3,North America,"2,020"
Emigrants,Ghana,288,37,17,20,45.9,Africa,"2,020"
Emigrants,Bhutan,64,27,23,4,85.2,Asia,"2,020"
Emigrants,El Salvador,222,27,10,17,37,Central America,"2,020"
Emigrants,Belarus,112,26,12,14,46.2,Europe,"2,020"
Emigrants,Barbados,52,23,12,11,52.2,North America,"2,020"
Emigrants,Saint Lucia,662,10,4,6,40,North America,"2,020"
Emigrants,Central African Republic,140,10,6,4,60,Africa,"2,020"
Emigrants,Guinea,324,8,7,1,87.5,Africa,"2,020"
Emigrants,Antigua and Barbuda,28,6,4,2,66.7,North America,"2,020"
Immigrants,United Kingdom,826,1107102,562408,544694,50.8,Europe,"2,024"
Immigrants,India,356,876074,475708,400366,54.3,Asia,"2,024"
Immigrants,China,156,656264,285475,370789,43.5,Asia,"2,024"
Immigrants,New Zealand,554,588088,298749,289339,50.8,Australia,"2,024"
Immigrants,Philippines,608,356833,143804,213029,40.3,Asia,"2,024"
Immigrants,Viet Nam,704,294435,126607,167828,43,Asia,"2,024"
Immigrants,South Africa,710,213447,105870,107577,49.6,Africa,"2,024"
Immigrants,Nepal,524,197472,103870,93602,52.6,Asia,"2,024"
Immigrants,Malaysia,458,181202,84803,96399,46.8,Asia,"2,024"
Immigrants,Sri Lanka,144,156876,82046,74830,52.3,Asia,"2,024"
Immigrants,Italy,380,151684,76752,74932,50.6,Europe,"2,024"
Immigrants,Pakistan,586,127340,77550,49790,60.9,Asia,"2,024"
Immigrants,"China, Hong Kong SAR",344,116517,55229,61288,47.4,Asia,"2,024"
Immigrants,United States of America,840,114202,54474,59728,47.7,North America,"2,024"
Immigrants,Republic of Korea,410,114174,52406,61768,45.9,Asia,"2,024"
Immigrants,Iraq,368,112467,56121,56346,49.9,Asia,"2,024"
Immigrants,Thailand,764,109845,32294,77551,29.4,Asia,"2,024"
Immigrants,Indonesia,360,104566,42767,61799,40.9,Asia,"2,024"
Immigrants,Germany,276,99593,46311,53282,46.5,Europe,"2,024"
Immigrants,Lebanon,422,93967,48769,45198,51.9,Asia,"2,024"
Immigrants,Ireland,372,90203,48619,41584,53.9,Europe,"2,024"
Immigrants,Greece,300,89351,42442,46909,47.5,Europe,"2,024"
Immigrants,Iran,364,88697,47187,41510,53.2,Asia,"2,024"
Immigrants,Fiji,242,83435,39214,44221,47,Oceania,"2,024"
Immigrants,Afghanistan,4,81506,47436,34070,58.2,Asia,"2,024"
Immigrants,Brazil,76,70220,33354,36866,47.5,South America,"2,024"
Immigrants,Singapore,702,68087,30571,37516,44.9,Asia,"2,024"
Immigrants,Bangladesh,50,64969,34564,30405,53.2,Asia,"2,024"
Immigrants,Netherlands,528,63634,31626,32008,49.7,Europe,"2,024"
Immigrants,Taiwan,158,61011,24465,36546,40.1,Asia,"2,024"
Immigrants,Colombia,170,59674,28226,31448,47.3,South America,"2,024"
Immigrants,Canada,124,57190,25564,31626,44.7,North America,"2,024"
Immigrants,Japan,392,53094,15557,37537,29.3,Asia,"2,024"
Immigrants,TFYR Macedonia,807,48723,23923,24800,49.1,Europe,"2,024"
Immigrants,Croatia,191,47534,23054,24480,48.5,Europe,"2,024"
Immigrants,Zimbabwe,716,47195,23173,24022,49.1,Africa,"2,024"
Immigrants,Egypt,818,46879,24565,22314,52.4,Africa,"2,024"
Immigrants,Myanmar,104,46297,23287,23010,50.3,Asia,"2,024"
Immigrants,Poland,616,45945,18746,27199,40.8,Europe,"2,024"
Immigrants,Cambodia,116,43862,19168,24694,43.7,Asia,"2,024"
Immigrants,Turkey,792,42544,22165,20379,52.1,Asia,"2,024"
Immigrants,France,250,40681,21113,19568,51.9,Europe,"2,024"
Immigrants,Samoa,882,38964,20105,18859,51.6,Oceania,"2,024"
Immigrants,Syrian Arab Republic,760,37008,18171,18837,49.1,Asia,"2,024"
Immigrants,Chile,152,35849,17279,18570,48.2,South America,"2,024"
Immigrants,Malta,470,34451,17122,17329,49.7,Europe,"2,024"
Immigrants,Papua New Guinea,598,34316,15271,19045,44.5,Oceania,"2,024"
Immigrants,Russian Federation,643,30312,11094,19218,36.6,Europe,"2,024"
Immigrants,Kenya,404,30123,14158,15965,47,Africa,"2,024"
Immigrants,Bosnia and Herzegovina,70,29317,14189,15128,48.4,Europe,"2,024"
Immigrants,Mauritius,480,28962,14249,14713,49.2,Africa,"2,024"
Immigrants,Serbia,688,28629,13685,14944,47.8,Europe,"2,024"
Immigrants,Bhutan,64,25363,12225,13138,48.2,Asia,"2,024"
Immigrants,Argentina,32,24708,11909,12799,48.2,South America,"2,024"
Immigrants,Ukraine,804,20391,7993,12398,39.2,Europe,"2,024"
Immigrants,Nigeria,566,19524,11265,8259,57.7,Africa,"2,024"
Immigrants,Tonga,776,19464,11172,8292,57.4,Oceania,"2,024"
Immigrants,Spain,724,19279,9350,9929,48.5,Europe,"2,024"
Immigrants,Sudan,729,17709,8819,8890,49.8,Africa,"2,024"
Immigrants,United Arab Emirates,784,17673,9208,8465,52.1,Asia,"2,024"
Immigrants,Portugal,620,17637,8907,8730,50.5,Europe,"2,024"
Immigrants,Ethiopia,231,17141,8073,9068,47.1,Africa,"2,024"
Immigrants,Cyprus,196,16610,7956,8654,47.9,Asia,"2,024"
Immigrants,Hungary,348,16317,7653,8664,46.9,Europe,"2,024"
Immigrants,Romania,642,15735,7270,8465,46.2,Europe,"2,024"
Immigrants,Peru,604,14420,6186,8234,42.9,South America,"2,024"
Immigrants,Saudi Arabia,682,14397,7760,6637,53.9,Asia,"2,024"
Immigrants,Austria,40,13561,6930,6631,51.1,Europe,"2,024"
Immigrants,Switzerland,756,13265,6725,6540,50.7,Europe,"2,024"
Immigrants,Israel,376,11821,6620,5201,56,Asia,"2,024"
Immigrants,Laos,418,11771,5273,6498,44.8,Asia,"2,024"
Immigrants,Timor-Leste,626,11546,5912,5634,51.2,Asia,"2,024"
Immigrants,Sweden,752,11508,4442,7066,38.6,Europe,"2,024"
Immigrants,Mongolia,496,11188,5393,5795,48.2,Asia,"2,024"
Immigrants,El Salvador,222,10898,5198,5700,47.7,Central America,"2,024"
Immigrants,Czech Republic,203,10450,4567,5883,43.7,Europe,"2,024"
Immigrants,Vanuatu,548,10208,7237,2971,70.9,Oceania,"2,024"
Immigrants,Uruguay,858,9951,4707,5244,47.3,South America,"2,024"
Immigrants,South Sudan,728,9693,4691,5002,48.4,Africa,"2,024"
Immigrants,Somalia,706,9578,4483,5095,46.8,Africa,"2,024"
Immigrants,Jordan,400,9469,5208,4261,55,Asia,"2,024"
Immigrants,Mexico,484,9381,4447,4934,47.4,North America,"2,024"
Immigrants,Denmark,208,8927,4464,4463,50,Europe,"2,024"
Immigrants,Venezuela,862,8402,4134,4268,49.2,South America,"2,024"
Immigrants,Ghana,288,8327,4497,3830,54,Africa,"2,024"
Immigrants,Kuwait,414,8304,4866,3438,58.6,Asia,"2,024"
Immigrants,Zambia,894,8060,3941,4119,48.9,Africa,"2,024"
Immigrants,D.R. Congo,180,8028,4038,3990,50.3,Africa,"2,024"
Immigrants,Finland,246,7752,2891,4861,37.3,Europe,"2,024"
Immigrants,Belgium,56,7695,3878,3817,50.4,Europe,"2,024"
Immigrants,Solomon Islands,90,7161,4118,3043,57.5,Oceania,"2,024"
Immigrants,Eritrea,232,6928,3325,3603,48,Africa,"2,024"
Immigrants,Slovakia,703,6753,2877,3876,42.6,Europe,"2,024"
Immigrants,Slovenia,705,5483,2599,2884,47.4,Europe,"2,024"
Immigrants,Uganda,800,5079,2423,2656,47.7,Africa,"2,024"
Immigrants,Tanzania,834,4926,2517,2409,51.1,Africa,"2,024"
Immigrants,Sierra Leone,694,4218,2054,2164,48.7,Africa,"2,024"
Immigrants,Albania,8,4105,2011,2094,49,Europe,"2,024"
Immigrants,Norway,578,3910,1607,2303,41.1,Europe,"2,024"
Immigrants,Bulgaria,100,3874,1635,2239,42.2,Europe,"2,024"
Immigrants,Liberia,430,3630,1663,1967,45.8,Africa,"2,024"
Immigrants,Ecuador,218,3550,1686,1864,47.5,South America,"2,024"
Immigrants,Estonia,233,3498,1438,2060,41.1,Europe,"2,024"
Immigrants,Brunei Darussalam,96,3357,1571,1786,46.8,Asia,"2,024"
Immigrants,Burundi,108,3255,1595,1660,49,Africa,"2,024"
Immigrants,Latvia,428,3247,1185,2062,36.5,Europe,"2,024"
Immigrants,Lithuania,440,3094,1101,1993,35.6,Europe,"2,024"
Immigrants,"China, Macao SAR",446,3081,1353,1728,43.9,Asia,"2,024"
Immigrants,State of Palestine,275,3046,1681,1365,55.2,Asia,"2,024"
Immigrants,Kazakhstan,398,2892,1015,1877,35.1,Asia,"2,024"
Immigrants,Libya,434,2812,1479,1333,52.6,Africa,"2,024"
Immigrants,Morocco,504,2775,1407,1368,50.7,Africa,"2,024"
Immigrants,Qatar,634,2716,1412,1304,52,Asia,"2,024"
Immigrants,Congo,178,2688,1193,1495,44.4,Africa,"2,024"
Immigrants,Seychelles,690,2623,1162,1461,44.3,Africa,"2,024"
Immigrants,Belarus,112,2586,980,1606,37.9,Europe,"2,024"
Immigrants,Uzbekistan,860,2546,1087,1459,42.7,Asia,"2,024"
Immigrants,Bahrain,48,2395,1277,1118,53.3,Asia,"2,024"
Immigrants,Oman,512,1986,1037,949,52.2,Asia,"2,024"
Immigrants,Namibia,516,1890,919,971,48.6,Africa,"2,024"
Immigrants,Malawi,454,1853,901,952,48.6,Africa,"2,024"
Immigrants,Trinidad and Tobago,780,1830,900,930,49.2,North America,"2,024"
Immigrants,Botswana,72,1736,814,922,46.9,Africa,"2,024"
Immigrants,Montenegro,499,1673,798,875,47.7,Europe,"2,024"
Immigrants,Algeria,12,1643,946,697,57.6,Africa,"2,024"
Immigrants,Kiribati,296,1585,762,823,48.1,Oceania,"2,024"
Immigrants,New Caledonia,540,1520,689,831,45.3,Oceania,"2,024"
Immigrants,Republic of Moldova,498,1471,613,858,41.7,Europe,"2,024"
Immigrants,Armenia,51,1462,610,852,41.7,Asia,"2,024"
Immigrants,Rwanda,646,1338,603,735,45.1,Africa,"2,024"
Immigrants,Jamaica,388,1335,700,635,52.4,North America,"2,024"
Immigrants,Bolivia,68,1196,539,657,45.1,South America,"2,024"
Immigrants,Yemen,887,1189,669,520,56.3,Asia,"2,024"
Immigrants,Guinea,324,1175,540,635,46,Africa,"2,024"
Immigrants,Mozambique,508,1037,477,560,46,Africa,"2,024"
Immigrants,Cuba,192,1008,561,447,55.7,North America,"2,024"
Immigrants,Nicaragua,558,877,406,471,46.3,Central America,"2,024"
Immigrants,Georgia,268,865,398,467,46,Asia,"2,024"
Immigrants,Azerbaijan,31,828,349,479,42.1,Asia,"2,024"
Immigrants,Guatemala,320,788,368,420,46.7,Central America,"2,024"
Immigrants,Tunisia,788,788,438,350,55.6,Africa,"2,024"
Immigrants,Kyrgyzstan,417,731,247,484,33.8,Asia,"2,024"
Immigrants,Maldives,462,712,333,379,46.8,Asia,"2,024"
Immigrants,Cameroon,120,695,397,298,57.1,Africa,"2,024"
Immigrants,Côte d'Ivoire,384,682,337,345,49.4,Africa,"2,024"
Immigrants,Costa Rica,188,674,320,354,47.5,Central America,"2,024"
Immigrants,Paraguay,600,635,273,362,43,South America,"2,024"
Immigrants,Guyana,328,568,273,295,48.1,South America,"2,024"
Immigrants,Angola,24,559,294,265,52.6,Africa,"2,024"
Immigrants,French Polynesia,258,521,229,292,44,Oceania,"2,024"
Immigrants,Senegal,686,509,292,217,57.4,Africa,"2,024"
Immigrants,Honduras,340,495,241,254,48.7,Central America,"2,024"
Immigrants,Barbados,52,408,215,193,52.7,North America,"2,024"
Immigrants,Iceland,352,403,203,200,50.4,Europe,"2,024"
Immigrants,Swaziland,748,359,163,196,45.4,Africa,"2,024"
Immigrants,Togo,768,351,159,192,45.3,Africa,"2,024"
Immigrants,Madagascar,450,348,132,216,37.9,Africa,"2,024"
Immigrants,Panama,591,344,153,191,44.5,Central America,"2,024"
Immigrants,Luxembourg,442,322,154,168,47.8,Europe,"2,024"
Immigrants,Dominican Republic,214,313,111,202,35.5,North America,"2,024"
Immigrants,Bahamas,44,305,139,166,45.6,North America,"2,024"
Immigrants,Tajikistan,762,241,89,152,36.9,Asia,"2,024"
Immigrants,Puerto Rico,630,220,120,100,54.5,North America,"2,024"
Immigrants,Réunion,638,211,95,116,45,Africa,"2,024"
Immigrants,Djibouti,262,204,109,95,53.4,Africa,"2,024"
Immigrants,Central African Republic,140,191,91,100,47.6,Africa,"2,024"
Immigrants,Lesotho,426,157,75,82,47.8,Africa,"2,024"
Immigrants,Curaçao,531,157,66,91,42,America,"2,024"
Immigrants,Suriname,740,156,62,94,39.7,South America,"2,024"
Immigrants,Turkmenistan,795,153,46,107,30.1,Asia,"2,024"
Immigrants,Grenada,308,143,75,68,52.4,North America,"2,024"
Immigrants,Guam,316,141,81,60,57.4,Oceania,"2,024"
Immigrants,Gambia,270,141,87,54,61.7,Africa,"2,024"
Immigrants,Haiti,332,130,68,62,52.3,North America,"2,024"
Immigrants,Chad,148,110,62,48,56.4,Africa,"2,024"
Immigrants,Benin,204,97,64,33,66,Africa,"2,024"
Immigrants,Monaco,492,91,40,51,44,Europe,"2,024"
Immigrants,Belize,84,80,32,48,40,Central America,"2,024"
Immigrants,Saint Lucia,662,77,36,41,46.8,North America,"2,024"
Immigrants,Aruba,533,70,22,48,31.4,North America,"2,024"
Immigrants,Burkina Faso,854,68,29,39,42.6,Africa,"2,024"
Immigrants,Antigua and Barbuda,28,61,30,31,49.2,North America,"2,024"
Immigrants,Saint Vincent and the Grenadines,670,57,36,21,63.2,North America,"2,024"
Immigrants,Gabon,266,57,30,27,52.6,Africa,"2,024"
Immigrants,Mali,466,53,27,26,50.9,Africa,"2,024"
Emigrants,United Kingdom,826,124319,66635,57684,53.6,Europe,"2,024"
Emigrants,New Zealand,554,89129,42158,46971,47.3,Australia,"2,024"
Emigrants,Canada,124,26777,14406,12371,53.8,North America,"2,024"
Emigrants,Malta,470,22753,12469,10284,54.8,Europe,"2,024"
Emigrants,Greece,300,21915,10256,11659,46.8,Europe,"2,024"
Emigrants,Italy,380,18314,8040,10274,43.9,Europe,"2,024"
Emigrants,Singapore,702,17222,9145,8077,53.1,Asia,"2,024"
Emigrants,China,156,13927,6532,7395,46.9,Asia,"2,024"
Emigrants,Japan,392,11962,8349,3613,69.8,Asia,"2,024"
Emigrants,Ireland,372,11165,5605,5560,50.2,Europe,"2,024"
Emigrants,"China, Hong Kong SAR",344,9809,4904,4905,50,Asia,"2,024"
Emigrants,Papua New Guinea,598,9250,6290,2960,68,Oceania,"2,024"
Emigrants,Israel,376,3987,2077,1910,52.1,Asia,"2,024"
Emigrants,Denmark,208,3795,2034,1761,53.6,Europe,"2,024"
Emigrants,Cyprus,196,3143,1537,1606,48.9,Asia,"2,024"
Emigrants,Norway,578,2732,1667,1065,61,Europe,"2,024"
Emigrants,South Africa,710,2653,1292,1361,48.7,Africa,"2,024"
Emigrants,Malaysia,458,2432,1345,1087,55.3,Asia,"2,024"
Emigrants,Poland,616,2079,1012,1067,48.7,Europe,"2,024"
Emigrants,Fiji,242,1979,1065,914,53.8,Oceania,"2,024"
Emigrants,Indonesia,360,1940,1036,904,53.4,Asia,"2,024"
Emigrants,India,356,1769,913,856,51.6,Asia,"2,024"
Emigrants,Portugal,620,1549,700,849,45.2,Europe,"2,024"
Emigrants,Philippines,608,1489,1315,174,88.3,Asia,"2,024"
Emigrants,Hungary,348,1470,803,667,54.6,Europe,"2,024"
Emigrants,Finland,246,1466,927,539,63.2,Europe,"2,024"
Emigrants,Croatia,191,1428,675,753,47.3,Europe,"2,024"
Emigrants,Chile,152,1421,256,1165,18,South America,"2,024"
Emigrants,Serbia,688,1084,562,522,51.8,Europe,"2,024"
Emigrants,Egypt,818,1077,718,359,66.7,Africa,"2,024"
Emigrants,Taiwan,158,931,654,277,70.2,Asia,"2,024"
Emigrants,Libya,434,842,596,246,70.8,Africa,"2,024"
Emigrants,Peru,604,837,468,369,55.9,South America,"2,024"
Emigrants,Brazil,76,790,711,79,90,South America,"2,024"
Emigrants,Colombia,170,761,498,263,65.4,South America,"2,024"
Emigrants,Vanuatu,548,677,337,340,49.8,Oceania,"2,024"
Emigrants,Argentina,32,659,284,375,43.1,South America,"2,024"
Emigrants,Brunei Darussalam,96,599,330,269,55.1,Asia,"2,024"
Emigrants,Namibia,516,594,233,361,39.2,Africa,"2,024"
Emigrants,Mexico,484,566,333,233,58.8,North America,"2,024"
Emigrants,Timor-Leste,626,547,340,207,62.2,Asia,"2,024"
Emigrants,Panama,591,511,361,150,70.6,Central America,"2,024"
Emigrants,Sri Lanka,144,479,235,244,49.1,Asia,"2,024"
Emigrants,Slovakia,703,455,243,212,53.4,Europe,"2,024"
Emigrants,Zambia,894,428,225,203,52.6,Africa,"2,024"
Emigrants,Slovenia,705,422,234,188,55.5,Europe,"2,024"
Emigrants,Botswana,72,413,201,212,48.7,Africa,"2,024"
Emigrants,Bulgaria,100,406,226,180,55.7,Europe,"2,024"
Emigrants,Luxembourg,442,332,159,173,47.9,Europe,"2,024"
Emigrants,New Caledonia,540,285,107,178,37.5,Oceania,"2,024"
Emigrants,Bolivia,68,282,156,126,55.3,South America,"2,024"
Emigrants,Solomon Islands,90,266,150,116,56.4,Oceania,"2,024"
Emigrants,Mongolia,496,262,148,114,56.5,Asia,"2,024"
Emigrants,Iceland,352,260,139,121,53.5,Europe,"2,024"
Emigrants,Samoa,882,258,144,114,55.8,Oceania,"2,024"
Emigrants,Laos,418,230,163,67,70.9,Asia,"2,024"
Emigrants,Estonia,233,225,153,72,68,Europe,"2,024"
Emigrants,Uganda,800,210,98,112,46.7,Africa,"2,024"
Emigrants,Dem. People's Republic of Korea,408,208,113,95,54.3,Asia,"2,024"
Emigrants,Montenegro,499,135,46,89,34.1,Europe,"2,024"
Emigrants,Venezuela,862,131,67,64,51.1,South America,"2,024"
Emigrants,Cambodia,116,130,88,42,67.7,Asia,"2,024"
Emigrants,Ecuador,218,105,56,49,53.3,South America,"2,024"
Emigrants,Latvia,428,102,71,31,69.6,Europe,"2,024"
Emigrants,Costa Rica,188,95,49,46,51.6,Central America,"2,024"
Emigrants,Bahamas,44,93,49,44,52.7,North America,"2,024"
Emigrants,Azerbaijan,31,91,43,48,47.3,Asia,"2,024"
Emigrants,Kiribati,296,91,52,39,57.1,Oceania,"2,024"
Emigrants,Maldives,462,90,81,9,90,Asia,"2,024"
Emigrants,Guatemala,320,81,51,30,63,Central America,"2,024"
Emigrants,French Polynesia,258,70,34,36,48.6,Oceania,"2,024"
Emigrants,Lithuania,440,60,51,9,85,Europe,"2,024"
Emigrants,Swaziland,748,55,33,22,60,Africa,"2,024"
Emigrants,Seychelles,690,51,28,23,54.9,Africa,"2,024"
Emigrants,Dominican Republic,214,44,30,14,68.2,North America,"2,024"
Emigrants,Ghana,288,41,19,22,46.3,Africa,"2,024"
Emigrants,Bhutan,64,28,24,4,85.7,Asia,"2,024"
Emigrants,El Salvador,222,27,10,17,37,Central America,"2,024"
Emigrants,Belarus,112,26,12,14,46.2,Europe,"2,024"
Emigrants,Barbados,52,23,12,11,52.2,North America,"2,024"
Emigrants,Central African Republic,140,11,7,4,63.6,Africa,"2,024"
Emigrants,Saint Lucia,662,10,4,6,40,North America,"2,024"
Emigrants,Guinea,324,8,7,1,87.5,Africa,"2,024"
Emigrants,Antigua and Barbuda,28,6,4,2,66.7,North America,"2,024"
