FlowType,Country,CountryCode,TotalMigrants,Male,Female,MalePct,Continent,Year
Immigrants,United Kingdom,826,1119737.0,566587.0,553150.0,50.6%,Europe,1990
Immigrants,New Zealand,554,263301.0,134810.0,128491.0,51.2%,Australia,1990
Immigrants,Italy,380,256923.0,138481.0,118442.0,53.9%,Europe,1990
Immigrants,Greece,300,137306.0,70301.0,67005.0,51.2%,Europe,1990
Immigrants,Viet Nam,704,121046.0,62702.0,58344.0,51.8%,Asia,1990
Immigrants,Germany,276,114446.0,55964.0,58482.0,48.9%,Europe,1990
Immigrants,Netherlands,528,95745.0,50936.0,44809.0,53.2%,Europe,1990
Immigrants,China,156,73079.0,35443.0,37636.0,48.5%,Asia,1990
Immigrants,Philippines,608,71142.0,23761.0,47381.0,33.4%,Asia,1990
Immigrants,Malaysia,458,70262.0,32812.0,37450.0,46.7%,Asia,1990
Immigrants,Poland,616,67785.0,34841.0,32944.0,51.4%,Europe,1990
Immigrants,Lebanon,422,66656.0,35461.0,31195.0,53.2%,Asia,1990
Immigrants,"China, Hong Kong SAR",344,59104.0,29552.0,29552.0,50.0%,Asia,1990
Immigrants,Serbia,688,57213.0,30666.0,26547.0,53.6%,Europe,1990
Immigrants,Croatia,191,55533.0,30043.0,25490.0,54.1%,Europe,1990
Immigrants,India,356,54882.0,30679.0,24203.0,55.9%,Asia,1990
Immigrants,Malta,470,54087.0,28558.0,25529.0,52.8%,Europe,1990
Immigrants,Ireland,372,51489.0,26671.0,24818.0,51.8%,Europe,1990
Immigrants,TFYR Macedonia,807,49301.0,25982.0,23319.0,52.7%,Europe,1990
Immigrants,United States of America,840,48950.0,26286.0,22664.0,53.7%,North America,1990
Immigrants,South Africa,710,46167.0,22853.0,23314.0,49.5%,Africa,1990
Immigrants,Sri Lanka,144,42523.0,21389.0,21134.0,50.3%,Asia,1990
Immigrants,Indonesia,360,41797.0,21191.0,20606.0,50.7%,Asia,1990
Immigrants,Egypt,818,37470.0,19147.0,18323.0,51.1%,Africa,1990
Immigrants,Fiji,242,33513.0,15718.0,17795.0,46.9%,Oceania,1990
Immigrants,Hungary,348,30211.0,16707.0,13504.0,55.3%,Europe,1990
Immigrants,Turkey,792,29111.0,14934.0,14177.0,51.3%,Asia,1990
Immigrants,Chile,152,26408.0,12808.0,13600.0,48.5%,South America,1990
Immigrants,Papua New Guinea,598,24941.0,11722.0,13219.0,47.0%,Oceania,1990
Immigrants,Singapore,702,24824.0,11791.0,13033.0,47.5%,Asia,1990
Immigrants,Austria,40,24364.0,13278.0,11086.0,54.5%,Europe,1990
Immigrants,Cyprus,196,24057.0,12413.0,11644.0,51.6%,Asia,1990
Immigrants,Canada,124,23243.0,11691.0,11552.0,50.3%,North America,1990
Immigrants,Republic of Korea,410,21362.0,10190.0,11172.0,47.7%,Asia,1990
Immigrants,Japan,392,21286.0,8749.0,12537.0,41.1%,Asia,1990
Immigrants,Cambodia,116,21140.0,10570.0,10570.0,50.0%,Asia,1990
Immigrants,Portugal,620,18619.0,9812.0,8807.0,52.7%,Europe,1990
Immigrants,Ukraine,804,17544.0,8316.0,9228.0,47.4%,Europe,1990
Immigrants,Mauritius,480,17128.0,8376.0,8752.0,48.9%,Africa,1990
Immigrants,Russian Federation,643,15589.0,6563.0,9026.0,42.1%,Europe,1990
Immigrants,Iran,364,14854.0,8036.0,6818.0,54.1%,Asia,1990
Immigrants,Spain,724,14752.0,7996.0,6756.0,54.2%,Europe,1990
Immigrants,Taiwan,158,14440.0,7018.0,7422.0,48.6%,Asia,1990
Immigrants,Bosnia and Herzegovina,70,13992.0,7318.0,6674.0,52.3%,Europe,1990
Immigrants,Czech Republic,203,13964.0,7904.0,6060.0,56.6%,Europe,1990
Immigrants,Thailand,764,13659.0,5518.0,8141.0,40.4%,Asia,1990
Immigrants,France,250,13349.0,6715.0,6634.0,50.3%,Europe,1990
Immigrants,Romania,642,11598.0,6124.0,5474.0,52.8%,Europe,1990
Immigrants,Argentina,32,11476.0,5681.0,5795.0,49.5%,South America,1990
Immigrants,Latvia,428,11447.0,5918.0,5529.0,51.7%,Europe,1990
Immigrants,Uruguay,858,11124.0,5451.0,5673.0,49.0%,South America,1990
Immigrants,Laos,418,11064.0,5742.0,5322.0,51.9%,Asia,1990
Immigrants,El Salvador,222,10849.0,5359.0,5490.0,49.4%,Central America,1990
Immigrants,Slovenia,705,10038.0,5481.0,4557.0,54.6%,Europe,1990
Immigrants,Switzerland,756,9845.0,5385.0,4460.0,54.7%,Europe,1990
Immigrants,Finland,246,9389.0,4732.0,4657.0,50.4%,Europe,1990
Immigrants,Denmark,208,9385.0,5265.0,4120.0,56.1%,Europe,1990
Immigrants,Iraq,368,9359.0,5344.0,4015.0,57.1%,Asia,1990
Immigrants,Myanmar,104,8763.0,4250.0,4513.0,48.5%,Asia,1990
Immigrants,Samoa,882,7863.0,3656.0,4207.0,46.5%,Oceania,1990
Immigrants,Tonga,776,7089.0,3261.0,3828.0,46.0%,Oceania,1990
Immigrants,Montenegro,499,6958.0,3743.0,3215.0,53.8%,Europe,1990
Immigrants,Zimbabwe,716,6744.0,3453.0,3291.0,51.2%,Africa,1990
Immigrants,Israel,376,6191.0,3386.0,2805.0,54.7%,Asia,1990
Immigrants,Lithuania,440,5750.0,3162.0,2588.0,55.0%,Europe,1990
Immigrants,Syrian Arab Republic,760,5630.0,2809.0,2821.0,49.9%,Asia,1990
Immigrants,Slovakia,703,5576.0,3189.0,2387.0,57.2%,Europe,1990
Immigrants,Sweden,752,5265.0,2864.0,2401.0,54.4%,Europe,1990
Immigrants,Pakistan,586,5079.0,2926.0,2153.0,57.6%,Asia,1990
Immigrants,Belgium,56,4565.0,2205.0,2360.0,48.3%,Europe,1990
Immigrants,Peru,604,4190.0,1869.0,2321.0,44.6%,South America,1990
Immigrants,Kenya,404,4190.0,2296.0,1894.0,54.8%,Africa,1990
Immigrants,Afghanistan,4,3929.0,2208.0,1721.0,56.2%,Asia,1990
Immigrants,Bangladesh,50,3071.0,1987.0,1084.0,64.7%,Asia,1990
Immigrants,State of Palestine,275,3057.0,1767.0,1290.0,57.8%,Asia,1990
Immigrants,Seychelles,690,2894.0,1395.0,1499.0,48.2%,Africa,1990
Immigrants,Estonia,233,2805.0,1304.0,1501.0,46.5%,Europe,1990
Immigrants,Norway,578,2299.0,1333.0,966.0,58.0%,Europe,1990
Immigrants,Jordan,400,2294.0,1305.0,989.0,56.9%,Asia,1990
Immigrants,Zambia,894,2262.0,1147.0,1115.0,50.7%,Africa,1990
Immigrants,Bulgaria,100,2196.0,1291.0,905.0,58.8%,Europe,1990
Immigrants,Brazil,76,2122.0,985.0,1137.0,46.4%,South America,1990
Immigrants,"China, Macao SAR",446,1753.0,806.0,947.0,46.0%,Asia,1990
Immigrants,Colombia,170,1610.0,755.0,855.0,46.9%,South America,1990
Immigrants,Brunei Darussalam,96,1545.0,802.0,743.0,51.9%,Asia,1990
Immigrants,Ethiopia,231,1491.0,805.0,686.0,54.0%,Africa,1990
Immigrants,Sudan,729,1375.0,785.0,590.0,57.1%,Africa,1990
Immigrants,Tanzania,834,1358.0,785.0,573.0,57.8%,Africa,1990
Immigrants,Somalia,706,1273.0,673.0,600.0,52.9%,Africa,1990
Immigrants,Trinidad and Tobago,780,1220.0,617.0,603.0,50.6%,North America,1990
Immigrants,Ecuador,218,1183.0,599.0,584.0,50.6%,South America,1990
Immigrants,Kuwait,414,1159.0,617.0,542.0,53.2%,Asia,1990
Immigrants,Ghana,288,1114.0,648.0,466.0,58.2%,Africa,1990
Immigrants,New Caledonia,540,1076.0,450.0,626.0,41.8%,Oceania,1990
Immigrants,Belarus,112,1075.0,510.0,565.0,47.4%,Europe,1990
Immigrants,Solomon Islands,90,1067.0,366.0,701.0,34.3%,Oceania,1990
Immigrants,Morocco,504,1029.0,691.0,338.0,67.2%,Africa,1990
Immigrants,Libya,434,1021.0,568.0,453.0,55.6%,Africa,1990
Immigrants,Uganda,800,995.0,556.0,439.0,55.9%,Africa,1990
Immigrants,Nigeria,566,927.0,580.0,347.0,62.6%,Africa,1990
Immigrants,Vanuatu,548,921.0,284.0,637.0,30.8%,Oceania,1990
Immigrants,Eritrea,232,865.0,457.0,408.0,52.8%,Africa,1990
Immigrants,Nicaragua,558,858.0,412.0,446.0,48.0%,Central America,1990
Immigrants,Jamaica,388,835.0,428.0,407.0,51.3%,North America,1990
Immigrants,Albania,8,822.0,478.0,344.0,58.2%,Europe,1990
Immigrants,Nepal,524,799.0,558.0,241.0,69.8%,Asia,1990
Immigrants,Armenia,51,797.0,402.0,395.0,50.4%,Asia,1990
Immigrants,Algeria,12,696.0,454.0,242.0,65.2%,Africa,1990
Immigrants,Mexico,484,632.0,301.0,331.0,47.6%,North America,1990
Immigrants,Saudi Arabia,682,599.0,379.0,220.0,63.3%,Asia,1990
Immigrants,United Arab Emirates,784,545.0,318.0,227.0,58.3%,Asia,1990
Immigrants,Bolivia,68,534.0,264.0,270.0,49.4%,South America,1990
Immigrants,Venezuela,862,501.0,236.0,265.0,47.1%,South America,1990
Immigrants,Bahrain,48,483.0,266.0,217.0,55.1%,Asia,1990
Immigrants,Guyana,328,480.0,215.0,265.0,44.8%,South America,1990
Immigrants,Tunisia,788,461.0,283.0,178.0,61.4%,Africa,1990
Immigrants,Cuba,192,423.0,216.0,207.0,51.1%,North America,1990
Immigrants,Mozambique,508,397.0,218.0,179.0,54.9%,Africa,1990
Immigrants,Angola,24,359.0,190.0,169.0,52.9%,Africa,1990
Immigrants,Kiribati,296,350.0,105.0,245.0,30.0%,Oceania,1990
Immigrants,Barbados,52,341.0,194.0,147.0,56.9%,North America,1990
Immigrants,Malawi,454,329.0,171.0,158.0,52.0%,Africa,1990
Immigrants,Costa Rica,188,323.0,185.0,138.0,57.3%,Central America,1990
Immigrants,Iceland,352,289.0,159.0,130.0,55.0%,Europe,1990
Immigrants,Republic of Moldova,498,285.0,143.0,142.0,50.2%,Europe,1990
Immigrants,Paraguay,600,272.0,130.0,142.0,47.8%,South America,1990
Immigrants,Bahamas,44,218.0,100.0,118.0,45.9%,North America,1990
Immigrants,Guatemala,320,218.0,105.0,113.0,48.2%,Central America,1990
Immigrants,French Polynesia,258,212.0,86.0,126.0,40.6%,Oceania,1990
Immigrants,Namibia,516,207.0,106.0,101.0,51.2%,Africa,1990
Immigrants,Yemen,887,203.0,118.0,85.0,58.1%,Asia,1990
Immigrants,Uzbekistan,860,193.0,98.0,95.0,50.8%,Asia,1990
Immigrants,D.R. Congo,180,183.0,92.0,91.0,50.3%,Africa,1990
Immigrants,Senegal,686,156.0,100.0,56.0,64.1%,Africa,1990
Immigrants,Honduras,340,141.0,73.0,68.0,51.8%,Central America,1990
Immigrants,Georgia,268,130.0,64.0,66.0,49.2%,Asia,1990
Immigrants,Maldives,462,128.0,51.0,77.0,39.8%,Asia,1990
Immigrants,Botswana,72,115.0,69.0,46.0,60.0%,Africa,1990
Immigrants,Swaziland,748,114.0,59.0,55.0,51.8%,Africa,1990
Immigrants,Madagascar,450,114.0,58.0,56.0,50.9%,Africa,1990
Immigrants,Panama,591,106.0,62.0,44.0,58.5%,Central America,1990
Immigrants,Luxembourg,442,103.0,49.0,54.0,47.6%,Europe,1990
Immigrants,Sierra Leone,694,97.0,52.0,45.0,53.6%,Africa,1990
Immigrants,Mongolia,496,97.0,39.0,58.0,40.2%,Asia,1990
Immigrants,Qatar,634,94.0,58.0,36.0,61.7%,Asia,1990
Immigrants,Kazakhstan,398,94.0,38.0,56.0,40.4%,Asia,1990
Immigrants,Grenada,308,87.0,41.0,46.0,47.1%,North America,1990
Immigrants,Curaçao,531,81.0,36.0,45.0,44.4%,America,1990
Immigrants,Oman,512,74.0,46.0,28.0,62.2%,Asia,1990
Immigrants,Haiti,332,72.0,29.0,43.0,40.3%,North America,1990
Immigrants,Puerto Rico,630,72.0,26.0,46.0,36.1%,North America,1990
Immigrants,Suriname,740,67.0,31.0,36.0,46.3%,South America,1990
Immigrants,Aruba,533,60.0,37.0,23.0,61.7%,North America,1990
Immigrants,Djibouti,262,53.0,18.0,35.0,34.0%,Africa,1990
Immigrants,Saint Vincent and the Grenadines,670,53.0,30.0,23.0,56.6%,North America,1990
Immigrants,Liberia,430,50.0,26.0,24.0,52.0%,Africa,1990
Immigrants,Lesotho,426,46.0,27.0,19.0,58.7%,Africa,1990
Immigrants,Réunion,638,44.0,17.0,27.0,38.6%,Africa,1990
Immigrants,Azerbaijan,31,44.0,18.0,26.0,40.9%,Asia,1990
Immigrants,Belize,84,33.0,13.0,20.0,39.4%,Central America,1990
Immigrants,Dominican Republic,214,29.0,15.0,14.0,51.7%,North America,1990
Immigrants,Bhutan,64,29.0,17.0,12.0,58.6%,Asia,1990
Immigrants,Guam,316,29.0,12.0,17.0,41.4%,Oceania,1990
Immigrants,Côte d'Ivoire,384,21.0,12.0,9.0,57.1%,Africa,1990
Immigrants,Tajikistan,762,19.0,8.0,11.0,42.1%,Asia,1990
Immigrants,Burundi,108,18.0,10.0,8.0,55.6%,Africa,1990
Immigrants,Cameroon,120,12.0,8.0,4.0,66.7%,Africa,1990
Immigrants,Antigua and Barbuda,28,12.0,4.0,8.0,33.3%,North America,1990
Immigrants,Kyrgyzstan,417,12.0,6.0,6.0,50.0%,Asia,1990
Immigrants,Gambia,270,12.0,7.0,5.0,58.3%,Africa,1990
Immigrants,Saint Lucia,662,11.0,8.0,3.0,72.7%,North America,1990
Immigrants,Monaco,492,10.0,5.0,5.0,50.0%,Europe,1990
Immigrants,Central African Republic,140,8.0,7.0,1.0,87.5%,Africa,1990
Immigrants,Chad,148,7.0,5.0,2.0,71.4%,Africa,1990
Immigrants,Turkmenistan,795,6.0,2.0,4.0,33.3%,Asia,1990
Immigrants,Burkina Faso,854,6.0,5.0,1.0,83.3%,Africa,1990
Immigrants,Rwanda,646,3.0,2.0,1.0,66.7%,Africa,1990
Immigrants,Gabon,266,3.0,2.0,1.0,66.7%,Africa,1990
Immigrants,Togo,768,3.0,2.0,1.0,66.7%,Africa,1990
Immigrants,Guinea,324,3.0,2.0,1.0,66.7%,Africa,1990
Immigrants,Benin,204,3.0,2.0,1.0,66.7%,Africa,1990
Emigrants,United Kingdom,826,71717.0,32201.0,39516.0,44.9%,Europe,1990
Emigrants,New Zealand,554,48723.0,22802.0,25921.0,46.8%,Australia,1990
Emigrants,Greece,300,19643.0,10489.0,9154.0,53.4%,Europe,1990
Emigrants,Italy,380,16050.0,6902.0,9148.0,43.0%,Europe,1990
Emigrants,Papua New Guinea,598,13916.0,8113.0,5803.0,58.3%,Oceania,1990
Emigrants,Canada,124,13712.0,6116.0,7596.0,44.6%,North America,1990
Emigrants,China,156,6495.0,3715.0,2780.0,57.2%,Asia,1990
Emigrants,"China, Hong Kong SAR",344,6092.0,3509.0,2583.0,57.6%,Asia,1990
Emigrants,Indonesia,360,6047.0,3169.0,2878.0,52.4%,Asia,1990
Emigrants,Singapore,702,4549.0,2384.0,2165.0,52.4%,Asia,1990
Emigrants,Ireland,372,4510.0,2142.0,2368.0,47.5%,Europe,1990
Emigrants,South Africa,710,4309.0,2103.0,2206.0,48.8%,Africa,1990
Emigrants,Japan,392,3687.0,2131.0,1556.0,57.8%,Asia,1990
Emigrants,Malta,470,3435.0,1618.0,1817.0,47.1%,Europe,1990
Emigrants,India,356,2632.0,1121.0,1511.0,42.6%,Asia,1990
Emigrants,Malaysia,458,2426.0,1339.0,1087.0,55.2%,Asia,1990
Emigrants,Argentina,32,2234.0,1099.0,1135.0,49.2%,South America,1990
Emigrants,Israel,376,1852.0,815.0,1037.0,44.0%,Asia,1990
Emigrants,Serbia,688,1519.0,822.0,697.0,54.1%,Europe,1990
Emigrants,Libya,434,1499.0,809.0,690.0,54.0%,Africa,1990
Emigrants,Fiji,242,1306.0,687.0,619.0,52.6%,Oceania,1990
Emigrants,Philippines,608,1058.0,655.0,403.0,61.9%,Asia,1990
Emigrants,Denmark,208,1036.0,487.0,549.0,47.0%,Europe,1990
Emigrants,Hungary,348,832.0,419.0,413.0,50.4%,Europe,1990
Emigrants,Norway,578,797.0,355.0,442.0,44.5%,Europe,1990
Emigrants,Namibia,516,793.0,304.0,489.0,38.3%,Africa,1990
Emigrants,Cyprus,196,741.0,378.0,363.0,51.0%,Asia,1990
Emigrants,Peru,604,737.0,411.0,326.0,55.8%,South America,1990
Emigrants,Croatia,191,694.0,266.0,428.0,38.3%,Europe,1990
Emigrants,Chile,152,582.0,295.0,287.0,50.7%,South America,1990
Emigrants,Brazil,76,458.0,225.0,233.0,49.1%,South America,1990
Emigrants,Finland,246,452.0,233.0,219.0,51.5%,Europe,1990
Emigrants,Vanuatu,548,442.0,262.0,180.0,59.3%,Oceania,1990
Emigrants,Timor-Leste,626,425.0,201.0,224.0,47.3%,Asia,1990
Emigrants,Solomon Islands,90,360.0,204.0,156.0,56.7%,Oceania,1990
Emigrants,Portugal,620,348.0,158.0,190.0,45.4%,Europe,1990
Emigrants,Poland,616,304.0,155.0,149.0,51.0%,Europe,1990
Emigrants,Taiwan,158,278.0,109.0,169.0,39.2%,Asia,1990
Emigrants,Egypt,818,269.0,152.0,117.0,56.5%,Africa,1990
Emigrants,Brunei Darussalam,96,262.0,140.0,122.0,53.4%,Asia,1990
Emigrants,Samoa,882,236.0,135.0,101.0,57.2%,Oceania,1990
Emigrants,Slovenia,705,226.0,103.0,123.0,45.6%,Europe,1990
Emigrants,New Caledonia,540,226.0,102.0,124.0,45.1%,Oceania,1990
Emigrants,Azerbaijan,31,210.0,98.0,112.0,46.7%,Asia,1990
Emigrants,Colombia,170,192.0,94.0,98.0,49.0%,South America,1990
Emigrants,Mexico,484,189.0,77.0,112.0,40.7%,North America,1990
Emigrants,Uganda,800,137.0,63.0,74.0,46.0%,Africa,1990
Emigrants,Venezuela,862,131.0,68.0,63.0,51.9%,South America,1990
Emigrants,Montenegro,499,130.0,43.0,87.0,33.1%,Europe,1990
Emigrants,Botswana,72,120.0,61.0,59.0,50.8%,Africa,1990
Emigrants,Panama,591,115.0,67.0,48.0,58.3%,Central America,1990
Emigrants,Dem. People's Republic of Korea,408,96.0,53.0,43.0,55.2%,Asia,1990
Emigrants,Zambia,894,81.0,39.0,42.0,48.1%,Africa,1990
Emigrants,Luxembourg,442,74.0,35.0,39.0,47.3%,Europe,1990
Emigrants,Bolivia,68,74.0,33.0,41.0,44.6%,South America,1990
Emigrants,Costa Rica,188,73.0,31.0,42.0,42.5%,Central America,1990
Emigrants,Dominican Republic,214,67.0,47.0,20.0,70.1%,North America,1990
Emigrants,Seychelles,690,67.0,30.0,37.0,44.8%,Africa,1990
Emigrants,Kiribati,296,64.0,40.0,24.0,62.5%,Oceania,1990
Emigrants,French Polynesia,258,63.0,31.0,32.0,49.2%,Oceania,1990
Emigrants,Iceland,352,60.0,23.0,37.0,38.3%,Europe,1990
Emigrants,Cambodia,116,54.0,34.0,20.0,63.0%,Asia,1990
Emigrants,Sri Lanka,144,51.0,32.0,19.0,62.7%,Asia,1990
Emigrants,Guatemala,320,47.0,19.0,28.0,40.4%,Central America,1990
Emigrants,Latvia,428,45.0,26.0,19.0,57.8%,Europe,1990
Emigrants,Maldives,462,37.0,20.0,17.0,54.1%,Asia,1990
Emigrants,El Salvador,222,33.0,13.0,20.0,39.4%,Central America,1990
Emigrants,Bahamas,44,27.0,14.0,13.0,51.9%,North America,1990
Emigrants,Barbados,52,24.0,12.0,12.0,50.0%,North America,1990
Emigrants,Lithuania,440,22.0,13.0,9.0,59.1%,Europe,1990
Emigrants,Belarus,112,21.0,12.0,9.0,57.1%,Europe,1990
Emigrants,Slovakia,703,18.0,8.0,10.0,44.4%,Europe,1990
Emigrants,Laos,418,18.0,10.0,8.0,55.6%,Asia,1990
Emigrants,Ghana,288,17.0,5.0,12.0,29.4%,Africa,1990
Emigrants,Bulgaria,100,13.0,9.0,4.0,69.2%,Europe,1990
Emigrants,Bhutan,64,12.0,10.0,2.0,83.3%,Asia,1990
Emigrants,Central African Republic,140,9.0,9.0,0.0,100.0%,Africa,1990
Emigrants,Swaziland,748,8.0,8.0,0.0,100.0%,Africa,1990
Emigrants,Ecuador,218,8.0,5.0,3.0,62.5%,South America,1990
Emigrants,Antigua and Barbuda,28,7.0,3.0,4.0,42.9%,North America,1990
Emigrants,Saint Lucia,662,7.0,2.0,5.0,28.6%,North America,1990
Emigrants,Mongolia,496,3.0,2.0,1.0,66.7%,Asia,1990
Immigrants,United Kingdom,826,1154167.0,582854.0,571313.0,50.5,Europe,1995
Immigrants,New Zealand,554,304515.0,155912.0,148603.0,51.2,Australia,1995
Immigrants,Italy,380,251302.0,134447.0,116855.0,53.5,Europe,1995
Immigrants,Viet Nam,704,150852.0,76180.0,74672.0,50.5,Asia,1995
Immigrants,Greece,300,137763.0,70397.0,67366.0,51.1,Europe,1995
Immigrants,Germany,276,120547.0,58827.0,61720.0,48.8,Europe,1995
Immigrants,China,156,109378.0,52939.0,56439.0,48.4,Asia,1995
Immigrants,Philippines,608,97920.0,33684.0,64236.0,34.4,Asia,1995
Immigrants,Netherlands,528,96254.0,50726.0,45528.0,52.7,Europe,1995
Immigrants,Malaysia,458,80482.0,37585.0,42897.0,46.7,Asia,1995
Immigrants,India,356,76321.0,40221.0,36100.0,52.7,Asia,1995
Immigrants,Lebanon,422,75884.0,39915.0,35969.0,52.6,Asia,1995
Immigrants,"China, Hong Kong SAR",344,72273.0,35847.0,36426.0,49.6,Asia,1995
Immigrants,Poland,616,71775.0,35457.0,36318.0,49.4,Europe,1995
Immigrants,South Africa,710,59022.0,29039.0,29983.0,49.2,Africa,1995
Immigrants,Croatia,191,57434.0,30325.0,27109.0,52.8,Europe,1995
Immigrants,Malta,470,55588.0,29184.0,26404.0,52.5,Europe,1995
Immigrants,United States of America,840,54904.0,29044.0,25860.0,52.9,North America,1995
Immigrants,Ireland,372,53596.0,27977.0,25619.0,52.2,Europe,1995
Immigrants,Sri Lanka,144,51943.0,26283.0,25660.0,50.6,Asia,1995
Immigrants,Serbia,688,50798.0,26567.0,24231.0,52.3,Europe,1995
Immigrants,TFYR Macedonia,807,49600.0,25742.0,23858.0,51.9,Europe,1995
Immigrants,Indonesia,360,47200.0,23553.0,23647.0,49.9,Asia,1995
Immigrants,Fiji,242,39284.0,18463.0,20821.0,47,Oceania,1995
Immigrants,Egypt,818,38550.0,19776.0,18774.0,51.3,Africa,1995
Immigrants,Turkey,792,31349.0,16301.0,15048.0,52,Asia,1995
Immigrants,Singapore,702,29696.0,13987.0,15709.0,47.1,Asia,1995
Immigrants,Republic of Korea,410,29158.0,14025.0,15133.0,48.1,Asia,1995
Immigrants,Hungary,348,28116.0,15211.0,12905.0,54.1,Europe,1995
Immigrants,Canada,124,27132.0,13268.0,13864.0,48.9,North America,1995
Immigrants,Chile,152,26944.0,13041.0,13903.0,48.4,South America,1995
Immigrants,Papua New Guinea,598,26204.0,12211.0,13993.0,46.6,Oceania,1995
Immigrants,Japan,392,25256.0,10153.0,15103.0,40.2,Asia,1995
Immigrants,Cyprus,196,23367.0,11894.0,11473.0,50.9,Asia,1995
Immigrants,Cambodia,116,23312.0,11446.0,11866.0,49.1,Asia,1995
Immigrants,Austria,40,22990.0,12323.0,10667.0,53.6,Europe,1995
Immigrants,Thailand,764,18987.0,7348.0,11639.0,38.7,Asia,1995
Immigrants,Mauritius,480,18945.0,9226.0,9719.0,48.7,Africa,1995
Immigrants,Portugal,620,18638.0,9729.0,8909.0,52.2,Europe,1995
Immigrants,Iran,364,18533.0,10008.0,8525.0,54,Asia,1995
Immigrants,Bosnia and Herzegovina,70,17878.0,9189.0,8689.0,51.4,Europe,1995
Immigrants,Taiwan,158,17876.0,8277.0,9599.0,46.3,Asia,1995
Immigrants,Ukraine,804,17194.0,8047.0,9147.0,46.8,Europe,1995
Immigrants,Russian Federation,643,16829.0,7018.0,9811.0,41.7,Europe,1995
Immigrants,France,250,16013.0,8087.0,7926.0,50.5,Europe,1995
Immigrants,Spain,724,14782.0,7879.0,6903.0,53.3,Europe,1995
Immigrants,Iraq,368,13845.0,7822.0,6023.0,56.5,Asia,1995
Immigrants,Czech Republic,203,13817.0,7558.0,6259.0,54.7,Europe,1995
Immigrants,Romania,642,12708.0,6595.0,6113.0,51.9,Europe,1995
Immigrants,Argentina,32,12098.0,5976.0,6122.0,49.4,South America,1995
Immigrants,Laos,418,11088.0,5633.0,5455.0,50.8,Asia,1995
Immigrants,Uruguay,858,11053.0,5394.0,5659.0,48.8,South America,1995
Immigrants,Myanmar,104,11020.0,5378.0,5642.0,48.8,Asia,1995
Immigrants,El Salvador,222,10890.0,5347.0,5543.0,49.1,Central America,1995
Immigrants,Switzerland,756,10748.0,5825.0,4923.0,54.2,Europe,1995
Immigrants,Samoa,882,10039.0,4738.0,5301.0,47.2,Oceania,1995
Immigrants,Zimbabwe,716,9840.0,4959.0,4881.0,50.4,Africa,1995
Immigrants,Denmark,208,9670.0,5299.0,4371.0,54.8,Europe,1995
Immigrants,Slovenia,705,9611.0,5151.0,4460.0,53.6,Europe,1995
Immigrants,Latvia,428,9579.0,4732.0,4847.0,49.4,Europe,1995
Immigrants,Finland,246,9390.0,4488.0,4902.0,47.8,Europe,1995
Immigrants,Pakistan,586,7954.0,4621.0,3333.0,58.1,Asia,1995
Immigrants,Tonga,776,7731.0,3688.0,4043.0,47.7,Oceania,1995
Immigrants,Israel,376,7053.0,3844.0,3209.0,54.5,Asia,1995
Immigrants,Syrian Arab Republic,760,6443.0,3254.0,3189.0,50.5,Asia,1995
Immigrants,Afghanistan,4,6337.0,3359.0,2978.0,53,Asia,1995
Immigrants,Sweden,752,6156.0,3207.0,2949.0,52.1,Europe,1995
Immigrants,Kenya,404,5799.0,3021.0,2778.0,52.1,Africa,1995
Immigrants,Slovakia,703,5741.0,3163.0,2578.0,55.1,Europe,1995
Immigrants,Montenegro,499,5263.0,2789.0,2474.0,53,Europe,1995
Immigrants,Peru,604,5103.0,2266.0,2837.0,44.4,South America,1995
Immigrants,Belgium,56,4991.0,2426.0,2565.0,48.6,Europe,1995
Immigrants,Bangladesh,50,4950.0,2930.0,2020.0,59.2,Asia,1995
Immigrants,Lithuania,440,4916.0,2561.0,2355.0,52.1,Europe,1995
Immigrants,Brazil,76,3446.0,1606.0,1840.0,46.6,South America,1995
Immigrants,State of Palestine,275,3087.0,1775.0,1312.0,57.5,Asia,1995
Immigrants,Seychelles,690,2918.0,1389.0,1529.0,47.6,Africa,1995
Immigrants,Zambia,894,2855.0,1439.0,1416.0,50.4,Africa,1995
Immigrants,Jordan,400,2809.0,1559.0,1250.0,55.5,Asia,1995
Immigrants,Norway,578,2647.0,1480.0,1167.0,55.9,Europe,1995
Immigrants,Colombia,170,2603.0,1247.0,1356.0,47.9,South America,1995
Immigrants,Estonia,233,2547.0,1164.0,1383.0,45.7,Europe,1995
Immigrants,Bulgaria,100,2495.0,1407.0,1088.0,56.4,Europe,1995
Immigrants,Ethiopia,231,2306.0,1234.0,1072.0,53.5,Africa,1995
Immigrants,Sudan,729,2214.0,1173.0,1041.0,53,Africa,1995
Immigrants,"China, Macao SAR",446,1912.0,876.0,1036.0,45.8,Asia,1995
Immigrants,Brunei Darussalam,96,1791.0,917.0,874.0,51.2,Asia,1995
Immigrants,Somalia,706,1768.0,960.0,808.0,54.3,Africa,1995
Immigrants,Tanzania,834,1723.0,956.0,767.0,55.5,Africa,1995
Immigrants,Kuwait,414,1615.0,833.0,782.0,51.6,Asia,1995
Immigrants,Ghana,288,1537.0,931.0,606.0,60.6,Africa,1995
Immigrants,Nigeria,566,1385.0,837.0,548.0,60.4,Africa,1995
Immigrants,Ecuador,218,1343.0,674.0,669.0,50.2,South America,1995
Immigrants,Trinidad and Tobago,780,1324.0,667.0,657.0,50.4,North America,1995
Immigrants,Uganda,800,1295.0,708.0,587.0,54.7,Africa,1995
Immigrants,Nepal,524,1294.0,906.0,388.0,70,Asia,1995
Immigrants,Solomon Islands,90,1255.0,471.0,784.0,37.5,Oceania,1995
Immigrants,Belarus,112,1238.0,571.0,667.0,46.1,Europe,1995
Immigrants,Libya,434,1236.0,682.0,554.0,55.2,Africa,1995
Immigrants,Eritrea,232,1184.0,625.0,559.0,52.8,Africa,1995
Immigrants,Morocco,504,1182.0,738.0,444.0,62.4,Africa,1995
Immigrants,New Caledonia,540,1142.0,484.0,658.0,42.4,Oceania,1995
Immigrants,Albania,8,1119.0,673.0,446.0,60.1,Europe,1995
Immigrants,Vanuatu,548,1002.0,365.0,637.0,36.4,Oceania,1995
Immigrants,Saudi Arabia,682,965.0,516.0,449.0,53.5,Asia,1995
Immigrants,Mexico,484,961.0,433.0,528.0,45.1,North America,1995
Immigrants,Jamaica,388,895.0,451.0,444.0,50.4,North America,1995
Immigrants,Armenia,51,885.0,435.0,450.0,49.2,Asia,1995
Immigrants,United Arab Emirates,784,882.0,469.0,413.0,53.2,Asia,1995
Immigrants,Nicaragua,558,851.0,406.0,445.0,47.7,Central America,1995
Immigrants,Algeria,12,820.0,512.0,308.0,62.4,Africa,1995
Immigrants,Venezuela,862,796.0,378.0,418.0,47.5,South America,1995
Immigrants,Bahrain,48,623.0,329.0,294.0,52.8,Asia,1995
Immigrants,Bolivia,68,608.0,297.0,311.0,48.8,South America,1995
Immigrants,Guyana,328,507.0,229.0,278.0,45.2,South America,1995
Immigrants,Cuba,192,494.0,256.0,238.0,51.8,North America,1995
Immigrants,Tunisia,788,493.0,292.0,201.0,59.2,Africa,1995
Immigrants,Mozambique,508,480.0,258.0,222.0,53.8,Africa,1995
Immigrants,Malawi,454,437.0,234.0,203.0,53.5,Africa,1995
Immigrants,Kiribati,296,395.0,128.0,267.0,32.4,Oceania,1995
Immigrants,Angola,24,391.0,206.0,185.0,52.7,Africa,1995
Immigrants,Republic of Moldova,498,387.0,189.0,198.0,48.8,Europe,1995
Immigrants,Barbados,52,359.0,208.0,151.0,57.9,North America,1995
Immigrants,Iceland,352,356.0,194.0,162.0,54.5,Europe,1995
Immigrants,Costa Rica,188,348.0,195.0,153.0,56,Central America,1995
Immigrants,Namibia,516,308.0,151.0,157.0,49,Africa,1995
Immigrants,Paraguay,600,306.0,144.0,162.0,47.1,South America,1995
Immigrants,Uzbekistan,860,305.0,156.0,149.0,51.1,Asia,1995
Immigrants,D.R. Congo,180,296.0,149.0,147.0,50.3,Africa,1995
Immigrants,Yemen,887,263.0,156.0,107.0,59.3,Asia,1995
Immigrants,Guatemala,320,256.0,123.0,133.0,48,Central America,1995
Immigrants,French Polynesia,258,255.0,112.0,143.0,43.9,Oceania,1995
Immigrants,Bahamas,44,229.0,105.0,124.0,45.9,North America,1995
Immigrants,Senegal,686,191.0,110.0,81.0,57.6,Africa,1995
Immigrants,Botswana,72,185.0,103.0,82.0,55.7,Africa,1995
Immigrants,Maldives,462,180.0,79.0,101.0,43.9,Asia,1995
Immigrants,Georgia,268,179.0,91.0,88.0,50.8,Asia,1995
Immigrants,Honduras,340,162.0,76.0,86.0,46.9,Central America,1995
Immigrants,Mongolia,496,159.0,82.0,77.0,51.6,Asia,1995
Immigrants,Sierra Leone,694,158.0,85.0,73.0,53.8,Africa,1995
Immigrants,Kazakhstan,398,152.0,61.0,91.0,40.1,Asia,1995
Immigrants,Qatar,634,152.0,90.0,62.0,59.2,Asia,1995
Immigrants,Swaziland,748,146.0,74.0,72.0,50.7,Africa,1995
Immigrants,Madagascar,450,137.0,72.0,65.0,52.6,Africa,1995
Immigrants,Panama,591,128.0,62.0,66.0,48.4,Central America,1995
Immigrants,Luxembourg,442,123.0,59.0,64.0,48,Europe,1995
Immigrants,Oman,512,119.0,69.0,50.0,58,Asia,1995
Immigrants,Grenada,308,94.0,45.0,49.0,47.9,North America,1995
Immigrants,Curaçao,531,89.0,39.0,50.0,43.8,America,1995
Immigrants,Puerto Rico,630,88.0,34.0,54.0,38.6,North America,1995
Immigrants,Liberia,430,81.0,49.0,32.0,60.5,Africa,1995
Immigrants,Suriname,740,79.0,31.0,48.0,39.2,South America,1995
Immigrants,Haiti,332,79.0,33.0,46.0,41.8,North America,1995
Immigrants,Azerbaijan,31,71.0,33.0,38.0,46.5,Asia,1995
Immigrants,Djibouti,262,69.0,21.0,48.0,30.4,Africa,1995
Immigrants,Réunion,638,63.0,25.0,38.0,39.7,Africa,1995
Immigrants,Aruba,533,60.0,34.0,26.0,56.7,North America,1995
Immigrants,Lesotho,426,59.0,31.0,28.0,52.5,Africa,1995
Immigrants,Saint Vincent and the Grenadines,670,55.0,27.0,28.0,49.1,North America,1995
Immigrants,Bhutan,64,48.0,36.0,12.0,75,Asia,1995
Immigrants,Dominican Republic,214,43.0,22.0,21.0,51.2,North America,1995
Immigrants,Belize,84,39.0,11.0,28.0,28.2,Central America,1995
Immigrants,Guam,316,39.0,17.0,22.0,43.6,Oceania,1995
Immigrants,Côte d'Ivoire,384,33.0,19.0,14.0,57.6,Africa,1995
Immigrants,Tajikistan,762,29.0,12.0,17.0,41.4,Asia,1995
Immigrants,Burundi,108,29.0,18.0,11.0,62.1,Africa,1995
Immigrants,Gambia,270,19.0,11.0,8.0,57.9,Africa,1995
Immigrants,Cameroon,120,19.0,13.0,6.0,68.4,Africa,1995
Immigrants,Kyrgyzstan,417,19.0,10.0,9.0,52.6,Asia,1995
Immigrants,Antigua and Barbuda,28,15.0,5.0,10.0,33.3,North America,1995
Immigrants,Monaco,492,14.0,7.0,7.0,50,Europe,1995
Immigrants,Saint Lucia,662,14.0,6.0,8.0,42.9,North America,1995
Immigrants,Burkina Faso,854,10.0,7.0,3.0,70,Africa,1995
Immigrants,Turkmenistan,795,10.0,3.0,7.0,30,Asia,1995
Immigrants,Chad,148,10.0,6.0,4.0,60,Africa,1995
Immigrants,Central African Republic,140,10.0,8.0,2.0,80,Africa,1995
Immigrants,Rwanda,646,5.0,3.0,2.0,60,Africa,1995
Immigrants,Benin,204,5.0,4.0,1.0,80,Africa,1995
Immigrants,Guinea,324,5.0,3.0,2.0,60,Africa,1995
Immigrants,Gabon,266,5.0,3.0,2.0,60,Africa,1995
Immigrants,Togo,768,5.0,3.0,2.0,60,Africa,1995
Emigrants,United Kingdom,826,86757.0,38954.0,47803.0,44.9,Europe,1995
Emigrants,New Zealand,554,53903.0,25173.0,28730.0,46.7,Australia,1995
Emigrants,Greece,300,19792.0,9936.0,9856.0,50.2,Europe,1995
Emigrants,Italy,380,17113.0,7478.0,9635.0,43.7,Europe,1995
Emigrants,Canada,124,14771.0,6795.0,7976.0,46,North America,1995
Emigrants,Papua New Guinea,598,14258.0,8669.0,5589.0,60.8,Oceania,1995
Emigrants,China,156,7703.0,4414.0,3289.0,57.3,Asia,1995
Emigrants,"China, Hong Kong SAR",344,6799.0,3896.0,2903.0,57.3,Asia,1995
Emigrants,Indonesia,360,6776.0,3551.0,3225.0,52.4,Asia,1995
Emigrants,Singapore,702,6072.0,3182.0,2890.0,52.4,Asia,1995
Emigrants,Japan,392,5790.0,3312.0,2478.0,57.2,Asia,1995
Emigrants,Ireland,372,4329.0,2052.0,2277.0,47.4,Europe,1995
Emigrants,Malta,470,4022.0,1927.0,2095.0,47.9,Europe,1995
Emigrants,South Africa,710,3788.0,1860.0,1928.0,49.1,Africa,1995
Emigrants,Malaysia,458,2429.0,1341.0,1088.0,55.2,Asia,1995
Emigrants,Israel,376,2291.0,1036.0,1255.0,45.2,Asia,1995
Emigrants,Argentina,32,1968.0,917.0,1051.0,46.6,South America,1995
Emigrants,Philippines,608,1646.0,1034.0,612.0,62.8,Asia,1995
Emigrants,India,356,1626.0,730.0,896.0,44.9,Asia,1995
Emigrants,Fiji,242,1405.0,740.0,665.0,52.7,Oceania,1995
Emigrants,Denmark,208,1330.0,662.0,668.0,49.8,Europe,1995
Emigrants,Cyprus,196,1048.0,514.0,534.0,49,Asia,1995
Emigrants,Libya,434,1016.0,569.0,447.0,56,Africa,1995
Emigrants,Norway,578,878.0,397.0,481.0,45.2,Europe,1995
Emigrants,Serbia,688,782.0,381.0,401.0,48.7,Europe,1995
Emigrants,Croatia,191,764.0,306.0,458.0,40.1,Europe,1995
Emigrants,Namibia,516,758.0,294.0,464.0,38.8,Africa,1995
Emigrants,Portugal,620,751.0,341.0,410.0,45.4,Europe,1995
Emigrants,Chile,152,737.0,377.0,360.0,51.2,South America,1995
Emigrants,Hungary,348,737.0,365.0,372.0,49.5,Europe,1995
Emigrants,Peru,604,678.0,378.0,300.0,55.8,South America,1995
Emigrants,Finland,246,502.0,272.0,230.0,54.2,Europe,1995
Emigrants,Taiwan,158,471.0,312.0,159.0,66.2,Asia,1995
Emigrants,Timor-Leste,626,451.0,204.0,247.0,45.2,Asia,1995
Emigrants,Brazil,76,445.0,219.0,226.0,49.2,South America,1995
Emigrants,Vanuatu,548,445.0,235.0,210.0,52.8,Oceania,1995
Emigrants,Poland,616,408.0,207.0,201.0,50.7,Europe,1995
Emigrants,Brunei Darussalam,96,372.0,201.0,171.0,54,Asia,1995
Emigrants,Egypt,818,372.0,219.0,153.0,58.9,Africa,1995
Emigrants,Solomon Islands,90,356.0,202.0,154.0,56.7,Oceania,1995
Emigrants,Samoa,882,330.0,188.0,142.0,57,Oceania,1995
Emigrants,New Caledonia,540,262.0,116.0,146.0,44.3,Oceania,1995
Emigrants,Mexico,484,231.0,100.0,131.0,43.3,North America,1995
Emigrants,Slovenia,705,220.0,105.0,115.0,47.7,Europe,1995
Emigrants,Colombia,170,219.0,103.0,116.0,47,South America,1995
Emigrants,Azerbaijan,31,186.0,87.0,99.0,46.8,Asia,1995
Emigrants,Cambodia,116,142.0,89.0,53.0,62.7,Asia,1995
Emigrants,Uganda,800,137.0,63.0,74.0,46,Africa,1995
Emigrants,Montenegro,499,130.0,43.0,87.0,33.1,Europe,1995
Emigrants,Venezuela,862,129.0,67.0,62.0,51.9,South America,1995
Emigrants,Bolivia,68,115.0,53.0,62.0,46.1,South America,1995
Emigrants,Dem. People's Republic of Korea,408,112.0,61.0,51.0,54.5,Asia,1995
Emigrants,Botswana,72,111.0,55.0,56.0,49.5,Africa,1995
Emigrants,Sri Lanka,144,100.0,69.0,31.0,69,Asia,1995
Emigrants,Slovakia,703,85.0,43.0,42.0,50.6,Europe,1995
Emigrants,Zambia,894,81.0,39.0,42.0,48.1,Africa,1995
Emigrants,Panama,591,79.0,47.0,32.0,59.5,Central America,1995
Emigrants,Dominican Republic,214,75.0,52.0,23.0,69.3,North America,1995
Emigrants,Kiribati,296,75.0,42.0,33.0,56,Oceania,1995
Emigrants,Luxembourg,442,70.0,34.0,36.0,48.6,Europe,1995
Emigrants,French Polynesia,258,69.0,34.0,35.0,49.3,Oceania,1995
Emigrants,Latvia,428,69.0,40.0,29.0,58,Europe,1995
Emigrants,Ecuador,218,63.0,35.0,28.0,55.6,South America,1995
Emigrants,Iceland,352,61.0,24.0,37.0,39.3,Europe,1995
Emigrants,Seychelles,690,59.0,31.0,28.0,52.5,Africa,1995
Emigrants,Costa Rica,188,50.0,23.0,27.0,46,Central America,1995
Emigrants,Guatemala,320,46.0,22.0,24.0,47.8,Central America,1995
Emigrants,Bahamas,44,46.0,23.0,23.0,50,North America,1995
Emigrants,Maldives,462,43.0,21.0,22.0,48.8,Asia,1995
Emigrants,Bulgaria,100,40.0,23.0,17.0,57.5,Europe,1995
Emigrants,El Salvador,222,27.0,10.0,17.0,37,Central America,1995
Emigrants,Barbados,52,26.0,13.0,13.0,50,North America,1995
Emigrants,Lithuania,440,25.0,14.0,11.0,56,Europe,1995
Emigrants,Belarus,112,25.0,12.0,13.0,48,Europe,1995
Emigrants,Laos,418,18.0,10.0,8.0,55.6,Asia,1995
Emigrants,Ghana,288,17.0,6.0,11.0,35.3,Africa,1995
Emigrants,Bhutan,64,15.0,12.0,3.0,80,Asia,1995
Emigrants,Central African Republic,140,13.0,9.0,4.0,69.2,Africa,1995
Emigrants,Saint Lucia,662,9.0,3.0,6.0,33.3,North America,1995
Emigrants,Antigua and Barbuda,28,7.0,3.0,4.0,42.9,North America,1995
Emigrants,Swaziland,748,6.0,5.0,1.0,83.3,Africa,1995
Emigrants,Mongolia,496,3.0,3.0,0.0,100,Asia,1995
Immigrants,United Kingdom,826,1128760.0,568895.0,559865.0,50.4,Europe,2000
Immigrants,New Zealand,554,366287.0,187173.0,179114.0,51.1,Australia,2000
Immigrants,Italy,380,233953.0,123761.0,110192.0,52.9,Europe,2000
Immigrants,Viet Nam,704,163672.0,80527.0,83145.0,49.2,Asia,2000
Immigrants,China,156,144919.0,69126.0,75793.0,47.7,Asia,2000
Immigrants,Greece,300,130671.0,66250.0,64421.0,50.7,Europe,2000
Immigrants,Germany,276,118965.0,57936.0,61029.0,48.7,Europe,2000
Immigrants,Philippines,608,112172.0,39036.0,73136.0,34.8,Asia,2000
Immigrants,Netherlands,528,92763.0,48422.0,44341.0,52.2,Europe,2000
Immigrants,India,356,91042.0,47524.0,43518.0,52.2,Asia,2000
Immigrants,Malaysia,458,84788.0,39766.0,45022.0,46.9,Asia,2000
Immigrants,South Africa,710,80607.0,39820.0,40787.0,49.4,Africa,2000
Immigrants,Lebanon,422,79118.0,41379.0,37739.0,52.3,Asia,2000
Immigrants,"China, Hong Kong SAR",344,75247.0,37097.0,38150.0,49.3,Asia,2000
Immigrants,Poland,616,66880.0,31835.0,35045.0,47.6,Europe,2000
Immigrants,United States of America,840,59703.0,30747.0,28956.0,51.5,North America,2000
Immigrants,Sri Lanka,144,58427.0,29681.0,28746.0,50.8,Asia,2000
Immigrants,Croatia,191,58254.0,30583.0,27671.0,52.5,Europe,2000
Immigrants,Indonesia,360,56595.0,27222.0,29373.0,48.1,Asia,2000
Immigrants,Ireland,372,53566.0,27801.0,25765.0,51.9,Europe,2000
Immigrants,Malta,470,52561.0,27437.0,25124.0,52.2,Europe,2000
Immigrants,Serbia,688,52020.0,27050.0,24970.0,52,Europe,2000
Immigrants,TFYR Macedonia,807,49652.0,25670.0,23982.0,51.7,Europe,2000
Immigrants,Fiji,242,46792.0,22039.0,24753.0,47.1,Oceania,2000
Immigrants,Egypt,818,37608.0,19255.0,18353.0,51.2,Africa,2000
Immigrants,Republic of Korea,410,36381.0,17063.0,19318.0,46.9,Asia,2000
Immigrants,Singapore,702,34354.0,16043.0,18311.0,46.7,Asia,2000
Immigrants,Turkey,792,34021.0,17487.0,16534.0,51.4,Asia,2000
Immigrants,Canada,124,30253.0,14642.0,15611.0,48.4,North America,2000
Immigrants,Bosnia and Herzegovina,70,28659.0,14673.0,13986.0,51.2,Europe,2000
Immigrants,Iraq,368,26468.0,14849.0,11619.0,56.1,Asia,2000
Immigrants,Hungary,348,26101.0,13834.0,12267.0,53,Europe,2000
Immigrants,Chile,152,26068.0,12591.0,13477.0,48.3,South America,2000
Immigrants,Papua New Guinea,598,25625.0,11839.0,13786.0,46.2,Oceania,2000
Immigrants,Japan,392,25299.0,9563.0,15736.0,37.8,Asia,2000
Immigrants,Cambodia,116,25052.0,12100.0,12952.0,48.3,Asia,2000
Immigrants,Thailand,764,23113.0,8552.0,14561.0,37,Asia,2000
Immigrants,Cyprus,196,22831.0,11552.0,11279.0,50.6,Asia,2000
Immigrants,Taiwan,158,22681.0,10615.0,12066.0,46.8,Asia,2000
Immigrants,Austria,40,21615.0,11564.0,10051.0,53.5,Europe,2000
Immigrants,Iran,364,21375.0,11585.0,9790.0,54.2,Asia,2000
Immigrants,Mauritius,480,18559.0,8983.0,9576.0,48.4,Africa,2000
Immigrants,France,250,18100.0,9159.0,8941.0,50.6,Europe,2000
Immigrants,Portugal,620,17987.0,9371.0,8616.0,52.1,Europe,2000
Immigrants,Ukraine,804,17041.0,7754.0,9287.0,45.5,Europe,2000
Immigrants,Russian Federation,643,16822.0,6880.0,9942.0,40.9,Europe,2000
Immigrants,Romania,642,14188.0,7222.0,6966.0,50.9,Europe,2000
Immigrants,Spain,724,14182.0,7460.0,6722.0,52.6,Europe,2000
Immigrants,Samoa,882,13171.0,6388.0,6783.0,48.5,Oceania,2000
Immigrants,Czech Republic,203,13107.0,6960.0,6147.0,53.1,Europe,2000
Immigrants,Afghanistan,4,12511.0,7319.0,5192.0,58.5,Asia,2000
Immigrants,Zimbabwe,716,12139.0,6118.0,6021.0,50.4,Africa,2000
Immigrants,Myanmar,104,12115.0,5997.0,6118.0,49.5,Asia,2000
Immigrants,Switzerland,756,12063.0,6478.0,5585.0,53.7,Europe,2000
Immigrants,Argentina,32,12032.0,5920.0,6112.0,49.2,South America,2000
Immigrants,Pakistan,586,11043.0,6372.0,4671.0,57.7,Asia,2000
Immigrants,El Salvador,222,10670.0,5196.0,5474.0,48.7,Central America,2000
Immigrants,Uruguay,858,10563.0,5155.0,5408.0,48.8,South America,2000
Immigrants,Laos,418,10449.0,5193.0,5256.0,49.7,Asia,2000
Immigrants,Denmark,208,9939.0,5417.0,4522.0,54.5,Europe,2000
Immigrants,Finland,246,9412.0,4377.0,5035.0,46.5,Europe,2000
Immigrants,Slovenia,705,8622.0,4535.0,4087.0,52.6,Europe,2000
Immigrants,Bangladesh,50,8488.0,5067.0,3421.0,59.7,Asia,2000
Immigrants,Tonga,776,8114.0,4106.0,4008.0,50.6,Oceania,2000
Immigrants,Israel,376,7395.0,4060.0,3335.0,54.9,Asia,2000
Immigrants,Latvia,428,7357.0,3458.0,3899.0,47,Europe,2000
Immigrants,Syrian Arab Republic,760,7350.0,3682.0,3668.0,50.1,Asia,2000
Immigrants,Kenya,404,7217.0,3753.0,3464.0,52,Africa,2000
Immigrants,Sweden,752,7099.0,3592.0,3507.0,50.6,Europe,2000
Immigrants,Slovakia,703,6360.0,3422.0,2938.0,53.8,Europe,2000
Immigrants,Peru,604,5784.0,2522.0,3262.0,43.6,South America,2000
Immigrants,Montenegro,499,5326.0,2770.0,2556.0,52,Europe,2000
Immigrants,Belgium,56,5320.0,2607.0,2713.0,49,Europe,2000
Immigrants,Brazil,76,4754.0,2154.0,2600.0,45.3,South America,2000
Immigrants,Sudan,729,4204.0,2237.0,1967.0,53.2,Africa,2000
Immigrants,Colombia,170,4032.0,1943.0,2089.0,48.2,South America,2000
Immigrants,Norway,578,3985.0,2164.0,1821.0,54.3,Europe,2000
Immigrants,Lithuania,440,3828.0,1887.0,1941.0,49.3,Europe,2000
Immigrants,Somalia,706,3767.0,1948.0,1819.0,51.7,Africa,2000
Immigrants,Ethiopia,231,3642.0,1890.0,1752.0,51.9,Africa,2000
Immigrants,Jordan,400,3494.0,1957.0,1537.0,56,Asia,2000
Immigrants,Zambia,894,3428.0,1711.0,1717.0,49.9,Africa,2000
Immigrants,State of Palestine,275,3061.0,1742.0,1319.0,56.9,Asia,2000
Immigrants,Bulgaria,100,3025.0,1670.0,1355.0,55.2,Europe,2000
Immigrants,Seychelles,690,2774.0,1323.0,1451.0,47.7,Africa,2000
Immigrants,Kuwait,414,2469.0,1326.0,1143.0,53.7,Asia,2000
Immigrants,Ghana,288,2162.0,1263.0,899.0,58.4,Africa,2000
Immigrants,Brunei Darussalam,96,2105.0,1074.0,1031.0,51,Asia,2000
Immigrants,"China, Macao SAR",446,2042.0,917.0,1125.0,44.9,Asia,2000
Immigrants,Nepal,524,2030.0,1391.0,639.0,68.5,Asia,2000
Immigrants,Timor-Leste,626,1991.0,980.0,1011.0,49.2,Asia,2000
Immigrants,Estonia,233,1963.0,875.0,1088.0,44.6,Europe,2000
Immigrants,Tanzania,834,1958.0,1077.0,881.0,55,Africa,2000
Immigrants,Nigeria,566,1812.0,1113.0,699.0,61.4,Africa,2000
Immigrants,Eritrea,232,1765.0,920.0,845.0,52.1,Africa,2000
Immigrants,Albania,8,1529.0,868.0,661.0,56.8,Europe,2000
Immigrants,Saudi Arabia,682,1525.0,798.0,727.0,52.3,Asia,2000
Immigrants,Ecuador,218,1457.0,723.0,734.0,49.6,South America,2000
Immigrants,Libya,434,1413.0,771.0,642.0,54.6,Africa,2000
Immigrants,Trinidad and Tobago,780,1413.0,704.0,709.0,49.8,North America,2000
Immigrants,Uganda,800,1407.0,760.0,647.0,54,Africa,2000
Immigrants,Solomon Islands,90,1395.0,638.0,757.0,45.7,Oceania,2000
Immigrants,United Arab Emirates,784,1393.0,740.0,653.0,53.1,Asia,2000
Immigrants,Morocco,504,1368.0,860.0,508.0,62.9,Africa,2000
Immigrants,Belarus,112,1357.0,607.0,750.0,44.7,Europe,2000
Immigrants,Mexico,484,1268.0,583.0,685.0,46,North America,2000
Immigrants,New Caledonia,540,1202.0,507.0,695.0,42.2,Oceania,2000
Immigrants,Venezuela,862,1181.0,565.0,616.0,47.8,South America,2000
Immigrants,Algeria,12,1170.0,751.0,419.0,64.2,Africa,2000
Immigrants,Vanuatu,548,1057.0,515.0,542.0,48.7,Oceania,2000
Immigrants,Armenia,51,978.0,460.0,518.0,47,Asia,2000
Immigrants,Jamaica,388,932.0,486.0,446.0,52.1,North America,2000
Immigrants,Nicaragua,558,797.0,377.0,420.0,47.3,Central America,2000
Immigrants,Bahrain,48,772.0,412.0,360.0,53.4,Asia,2000
Immigrants,Bolivia,68,694.0,336.0,358.0,48.4,South America,2000
Immigrants,Botswana,72,670.0,356.0,314.0,53.1,Africa,2000
Immigrants,Mozambique,508,628.0,328.0,300.0,52.2,Africa,2000
Immigrants,Republic of Moldova,498,576.0,277.0,299.0,48.1,Europe,2000
Immigrants,Iceland,352,565.0,312.0,253.0,55.2,Europe,2000
Immigrants,Malawi,454,537.0,284.0,253.0,52.9,Africa,2000
Immigrants,Guyana,328,519.0,231.0,288.0,44.5,South America,2000
Immigrants,Cuba,192,508.0,271.0,237.0,53.3,North America,2000
Immigrants,Tunisia,788,497.0,289.0,208.0,58.1,Africa,2000
Immigrants,Uzbekistan,860,492.0,248.0,244.0,50.4,Asia,2000
Immigrants,Namibia,516,447.0,226.0,221.0,50.6,Africa,2000
Immigrants,Kiribati,296,439.0,162.0,277.0,36.9,Oceania,2000
Immigrants,Angola,24,417.0,228.0,189.0,54.7,Africa,2000
Immigrants,Yemen,887,390.0,232.0,158.0,59.5,Asia,2000
Immigrants,Kazakhstan,398,386.0,153.0,233.0,39.6,Asia,2000
Immigrants,Barbados,52,370.0,208.0,162.0,56.2,North America,2000
Immigrants,Paraguay,600,357.0,159.0,198.0,44.5,South America,2000
Immigrants,Costa Rica,188,352.0,193.0,159.0,54.8,Central America,2000
Immigrants,French Polynesia,258,343.0,145.0,198.0,42.3,Oceania,2000
Immigrants,Oman,512,343.0,202.0,141.0,58.9,Asia,2000
Immigrants,Guatemala,320,310.0,150.0,160.0,48.4,Central America,2000
Immigrants,D.R. Congo,180,306.0,149.0,157.0,48.7,Africa,2000
Immigrants,Georgia,268,293.0,148.0,145.0,50.5,Asia,2000
Immigrants,Bahamas,44,264.0,126.0,138.0,47.7,North America,2000
Immigrants,Sierra Leone,694,260.0,143.0,117.0,55,Africa,2000
Immigrants,Qatar,634,249.0,140.0,109.0,56.2,Asia,2000
Immigrants,Swaziland,748,235.0,110.0,125.0,46.8,Africa,2000
Immigrants,Senegal,686,235.0,139.0,96.0,59.1,Africa,2000
Immigrants,Azerbaijan,31,188.0,80.0,108.0,42.6,Asia,2000
Immigrants,Honduras,340,185.0,97.0,88.0,52.4,Central America,2000
Immigrants,Madagascar,450,180.0,80.0,100.0,44.4,Africa,2000
Immigrants,Maldives,462,165.0,76.0,89.0,46.1,Asia,2000
Immigrants,Luxembourg,442,150.0,78.0,72.0,52,Europe,2000
Immigrants,Panama,591,140.0,70.0,70.0,50,Central America,2000
Immigrants,Puerto Rico,630,135.0,55.0,80.0,40.7,North America,2000
Immigrants,Congo,178,132.0,71.0,61.0,53.8,Africa,2000
Immigrants,Grenada,308,125.0,55.0,70.0,44,North America,2000
Immigrants,Mongolia,496,118.0,64.0,54.0,54.2,Asia,2000
Immigrants,Liberia,430,115.0,73.0,42.0,63.5,Africa,2000
Immigrants,Kyrgyzstan,417,97.0,37.0,60.0,38.1,Asia,2000
Immigrants,Haiti,332,90.0,38.0,52.0,42.2,North America,2000
Immigrants,Curaçao,531,90.0,40.0,50.0,44.4,America,2000
Immigrants,Suriname,740,87.0,40.0,47.0,46,South America,2000
Immigrants,Réunion,638,87.0,32.0,55.0,36.8,Africa,2000
Immigrants,Djibouti,262,82.0,35.0,47.0,42.7,Africa,2000
Immigrants,Saint Vincent and the Grenadines,670,80.0,59.0,21.0,73.8,North America,2000
Immigrants,Bhutan,64,70.0,48.0,22.0,68.6,Asia,2000
Immigrants,Dominican Republic,214,70.0,38.0,32.0,54.3,North America,2000
Immigrants,Lesotho,426,67.0,37.0,30.0,55.2,Africa,2000
Immigrants,Cameroon,120,67.0,42.0,25.0,62.7,Africa,2000
Immigrants,Côte d'Ivoire,384,62.0,35.0,27.0,56.5,Africa,2000
Immigrants,Aruba,533,57.0,30.0,27.0,52.6,North America,2000
Immigrants,Guam,316,50.0,20.0,30.0,40,Oceania,2000
Immigrants,Rwanda,646,50.0,28.0,22.0,56,Africa,2000
Immigrants,Belize,84,48.0,18.0,30.0,37.5,Central America,2000
Immigrants,Tajikistan,762,48.0,26.0,22.0,54.2,Asia,2000
Immigrants,Chad,148,40.0,28.0,12.0,70,Africa,2000
Immigrants,Gambia,270,35.0,23.0,12.0,65.7,Africa,2000
Immigrants,Monaco,492,32.0,12.0,20.0,37.5,Europe,2000
Immigrants,Turkmenistan,795,30.0,11.0,19.0,36.7,Asia,2000
Immigrants,Antigua and Barbuda,28,30.0,10.0,20.0,33.3,North America,2000
Immigrants,Guinea,324,30.0,18.0,12.0,60,Africa,2000
Immigrants,Saint Lucia,662,30.0,20.0,10.0,66.7,North America,2000
Immigrants,Benin,204,28.0,18.0,10.0,64.3,Africa,2000
Immigrants,Burundi,108,27.0,17.0,10.0,63,Africa,2000
Immigrants,Mali,466,21.0,10.0,11.0,47.6,Africa,2000
Immigrants,Gabon,266,20.0,10.0,10.0,50,Africa,2000
Immigrants,Togo,768,20.0,10.0,10.0,50,Africa,2000
Immigrants,Burkina Faso,854,11.0,6.0,5.0,54.5,Africa,2000
Immigrants,Central African Republic,140,7.0,4.0,3.0,57.1,Africa,2000
Emigrants,United Kingdom,826,104720.0,46915.0,57805.0,44.8,Europe,2000
Emigrants,New Zealand,554,55949.0,26016.0,29933.0,46.5,Australia,2000
Emigrants,Greece,300,20267.0,9343.0,10924.0,46.1,Europe,2000
Emigrants,Italy,380,17612.0,7714.0,9898.0,43.8,Europe,2000
Emigrants,Canada,124,15831.0,7346.0,8485.0,46.4,North America,2000
Emigrants,Papua New Guinea,598,10675.0,6875.0,3800.0,64.4,Oceania,2000
Emigrants,China,156,9168.0,5281.0,3887.0,57.6,Asia,2000
Emigrants,Japan,392,8830.0,5060.0,3770.0,57.3,Asia,2000
Emigrants,Singapore,702,7767.0,4070.0,3697.0,52.4,Asia,2000
Emigrants,Ireland,372,7675.0,3646.0,4029.0,47.5,Europe,2000
Emigrants,Indonesia,360,7625.0,3996.0,3629.0,52.4,Asia,2000
Emigrants,"China, Hong Kong SAR",344,7506.0,4286.0,3220.0,57.1,Asia,2000
Emigrants,Malta,470,4128.0,1886.0,2242.0,45.7,Europe,2000
Emigrants,South Africa,710,3331.0,1649.0,1682.0,49.5,Africa,2000
Emigrants,Israel,376,2616.0,1214.0,1402.0,46.4,Asia,2000
Emigrants,Malaysia,458,2432.0,1342.0,1090.0,55.2,Asia,2000
Emigrants,Philippines,608,2234.0,1412.0,822.0,63.2,Asia,2000
Emigrants,Argentina,32,1710.0,781.0,929.0,45.7,South America,2000
Emigrants,Denmark,208,1603.0,837.0,766.0,52.2,Europe,2000
Emigrants,Fiji,242,1489.0,782.0,707.0,52.5,Oceania,2000
Emigrants,Cyprus,196,1355.0,650.0,705.0,48,Asia,2000
Emigrants,Portugal,620,1185.0,539.0,646.0,45.5,Europe,2000
Emigrants,Norway,578,977.0,506.0,471.0,51.8,Europe,2000
Emigrants,India,356,881.0,432.0,449.0,49,Asia,2000
Emigrants,Chile,152,879.0,451.0,428.0,51.3,South America,2000
Emigrants,Croatia,191,753.0,320.0,433.0,42.5,Europe,2000
Emigrants,Namibia,516,705.0,275.0,430.0,39,Africa,2000
Emigrants,Taiwan,158,667.0,439.0,228.0,65.8,Asia,2000
Emigrants,Hungary,348,642.0,311.0,331.0,48.4,Europe,2000
Emigrants,Peru,604,619.0,345.0,274.0,55.7,South America,2000
Emigrants,Finland,246,552.0,311.0,241.0,56.3,Europe,2000
Emigrants,Libya,434,551.0,349.0,202.0,63.3,Africa,2000
Emigrants,Poland,616,549.0,279.0,270.0,50.8,Europe,2000
Emigrants,Egypt,818,519.0,316.0,203.0,60.9,Africa,2000
Emigrants,Brunei Darussalam,96,482.0,262.0,220.0,54.4,Asia,2000
Emigrants,Timor-Leste,626,482.0,209.0,273.0,43.4,Asia,2000
Emigrants,Vanuatu,548,450.0,227.0,223.0,50.4,Oceania,2000
Emigrants,Brazil,76,441.0,219.0,222.0,49.7,South America,2000
Emigrants,Samoa,882,422.0,239.0,183.0,56.6,Oceania,2000
Emigrants,Serbia,688,381.0,174.0,207.0,45.7,Europe,2000
Emigrants,Solomon Islands,90,340.0,193.0,147.0,56.8,Oceania,2000
Emigrants,Slovenia,705,303.0,150.0,153.0,49.5,Europe,2000
Emigrants,New Caledonia,540,298.0,130.0,168.0,43.6,Oceania,2000
Emigrants,Mexico,484,285.0,131.0,154.0,46,North America,2000
Emigrants,Cambodia,116,229.0,144.0,85.0,62.9,Asia,2000
Emigrants,Colombia,170,197.0,90.0,107.0,45.7,South America,2000
Emigrants,Slovakia,703,176.0,90.0,86.0,51.1,Europe,2000
Emigrants,Azerbaijan,31,164.0,77.0,87.0,47,Asia,2000
Emigrants,Bolivia,68,154.0,71.0,83.0,46.1,South America,2000
Emigrants,Sri Lanka,144,150.0,96.0,54.0,64,Asia,2000
Emigrants,Uganda,800,137.0,63.0,74.0,46,Africa,2000
Emigrants,Ecuador,218,133.0,74.0,59.0,55.6,South America,2000
Emigrants,Montenegro,499,130.0,43.0,87.0,33.1,Europe,2000
Emigrants,Venezuela,862,127.0,66.0,61.0,52,South America,2000
Emigrants,Dem. People's Republic of Korea,408,127.0,68.0,59.0,53.5,Asia,2000
Emigrants,Botswana,72,114.0,56.0,58.0,49.1,Africa,2000
Emigrants,Latvia,428,93.0,54.0,39.0,58.1,Europe,2000
Emigrants,Kiribati,296,86.0,44.0,42.0,51.2,Oceania,2000
Emigrants,Zambia,894,83.0,40.0,43.0,48.2,Africa,2000
Emigrants,Dominican Republic,214,82.0,56.0,26.0,68.3,North America,2000
Emigrants,French Polynesia,258,74.0,35.0,39.0,47.3,Oceania,2000
Emigrants,Luxembourg,442,67.0,32.0,35.0,47.8,Europe,2000
Emigrants,Bulgaria,100,66.0,37.0,29.0,56.1,Europe,2000
Emigrants,Bahamas,44,65.0,33.0,32.0,50.8,North America,2000
Emigrants,Iceland,352,61.0,25.0,36.0,41,Europe,2000
Emigrants,Costa Rica,188,51.0,25.0,26.0,49,Central America,2000
Emigrants,Seychelles,690,51.0,32.0,19.0,62.7,Africa,2000
Emigrants,Panama,591,48.0,28.0,20.0,58.3,Central America,2000
Emigrants,Maldives,462,48.0,26.0,22.0,54.2,Asia,2000
Emigrants,Guatemala,320,44.0,24.0,20.0,54.5,Central America,2000
Emigrants,Barbados,52,29.0,15.0,14.0,51.7,North America,2000
Emigrants,Belarus,112,28.0,12.0,16.0,42.9,Europe,2000
Emigrants,El Salvador,222,21.0,8.0,13.0,38.1,Central America,2000
Emigrants,Ghana,288,19.0,6.0,13.0,31.6,Africa,2000
Emigrants,Lithuania,440,19.0,11.0,8.0,57.9,Europe,2000
Emigrants,Bhutan,64,17.0,14.0,3.0,82.4,Asia,2000
Emigrants,Laos,418,17.0,9.0,8.0,52.9,Asia,2000
Emigrants,Swaziland,748,16.0,9.0,7.0,56.2,Africa,2000
Emigrants,Central African Republic,140,16.0,8.0,8.0,50,Africa,2000
Emigrants,Saint Lucia,662,13.0,4.0,9.0,30.8,North America,2000
Emigrants,Antigua and Barbuda,28,6.0,3.0,3.0,50,North America,2000
Emigrants,Mongolia,496,4.0,3.0,1.0,75,Asia,2000
Immigrants,United Kingdom,826,1118630.0,566027.0,552603.0,50.6,Europe,2005
Immigrants,New Zealand,554,424120.0,217149.0,206971.0,51.2,Australia,2005
Immigrants,China,156,227597.0,104695.0,122902.0,46,Asia,2005
Immigrants,Italy,380,220526.0,115115.0,105411.0,52.2,Europe,2005
Immigrants,Viet Nam,704,174625.0,83995.0,90630.0,48.1,Asia,2005
Immigrants,India,356,149237.0,82528.0,66709.0,55.3,Asia,2005
Immigrants,Philippines,608,134758.0,48378.0,86380.0,35.9,Asia,2005
Immigrants,Greece,300,129008.0,64504.0,64504.0,50,Europe,2005
Immigrants,Germany,276,123122.0,59591.0,63531.0,48.4,Europe,2005
Immigrants,South Africa,710,114035.0,56789.0,57246.0,49.8,Africa,2005
Immigrants,Malaysia,458,101481.0,47087.0,54394.0,46.4,Asia,2005
Immigrants,Netherlands,528,91676.0,47305.0,44371.0,51.6,Europe,2005
Immigrants,Lebanon,422,84843.0,44458.0,40385.0,52.4,Asia,2005
Immigrants,"China, Hong Kong SAR",344,79854.0,39049.0,40805.0,48.9,Asia,2005
Immigrants,United States of America,840,70697.0,35914.0,34783.0,50.8,North America,2005
Immigrants,Sri Lanka,144,70602.0,36007.0,34595.0,51,Asia,2005
Immigrants,Croatia,191,69644.0,36006.0,33638.0,51.7,Europe,2005
Immigrants,Poland,616,63306.0,29121.0,34185.0,46,Europe,2005
Immigrants,Indonesia,360,60318.0,27867.0,32451.0,46.2,Asia,2005
Immigrants,Ireland,372,55768.0,29111.0,26657.0,52.2,Europe,2005
Immigrants,Fiji,242,54816.0,25873.0,28943.0,47.2,Oceania,2005
Immigrants,Malta,470,51360.0,26502.0,24858.0,51.6,Europe,2005
Immigrants,TFYR Macedonia,807,51348.0,26342.0,25006.0,51.3,Europe,2005
Immigrants,Republic of Korea,410,51162.0,23586.0,27576.0,46.1,Asia,2005
Immigrants,Singapore,702,43009.0,19870.0,23139.0,46.2,Asia,2005
Immigrants,Serbia,688,39229.0,20124.0,19105.0,51.3,Europe,2005
Immigrants,Egypt,818,38735.0,19871.0,18864.0,51.3,Africa,2005
Immigrants,Bosnia and Herzegovina,70,38496.0,19517.0,18979.0,50.7,Europe,2005
Immigrants,Turkey,792,37467.0,19296.0,18171.0,51.5,Asia,2005
Immigrants,Iraq,368,37246.0,20113.0,17133.0,54,Asia,2005
Immigrants,Canada,124,36359.0,17489.0,18870.0,48.1,North America,2005
Immigrants,Japan,392,33136.0,11432.0,21704.0,34.5,Asia,2005
Immigrants,Thailand,764,31615.0,11128.0,20487.0,35.2,Asia,2005
Immigrants,Cambodia,116,27620.0,13064.0,14556.0,47.3,Asia,2005
Immigrants,Papua New Guinea,598,26907.0,12270.0,14637.0,45.6,Oceania,2005
Immigrants,Chile,152,26877.0,12955.0,13922.0,48.2,South America,2005
Immigrants,Iran,364,26699.0,14150.0,12549.0,53,Asia,2005
Immigrants,Taiwan,158,25888.0,11727.0,14161.0,45.3,Asia,2005
Immigrants,Hungary,348,24335.0,12557.0,11778.0,51.6,Europe,2005
Immigrants,Cyprus,196,22457.0,11228.0,11229.0,50,Asia,2005
Immigrants,Zimbabwe,716,21657.0,10937.0,10720.0,50.5,Africa,2005
Immigrants,France,250,21133.0,10714.0,10419.0,50.7,Europe,2005
Immigrants,Austria,40,21030.0,11167.0,9863.0,53.1,Europe,2005
Immigrants,Mauritius,480,20326.0,9960.0,10366.0,49,Africa,2005
Immigrants,Afghanistan,4,18919.0,10746.0,8173.0,56.8,Asia,2005
Immigrants,Portugal,620,18160.0,9425.0,8735.0,51.9,Europe,2005
Immigrants,Russian Federation,643,18114.0,7137.0,10977.0,39.4,Europe,2005
Immigrants,Sudan,729,17942.0,9958.0,7984.0,55.5,Africa,2005
Immigrants,Ukraine,804,16828.0,7236.0,9592.0,43,Europe,2005
Immigrants,Pakistan,586,16755.0,9634.0,7121.0,57.5,Asia,2005
Immigrants,Samoa,882,16595.0,8098.0,8497.0,48.8,Oceania,2005
Immigrants,Bangladesh,50,16138.0,9925.0,6213.0,61.5,Asia,2005
Immigrants,Romania,642,15707.0,7854.0,7853.0,50,Europe,2005
Immigrants,Spain,724,14329.0,7394.0,6935.0,51.6,Europe,2005
Immigrants,Czech Republic,203,13727.0,6973.0,6754.0,50.8,Europe,2005
Immigrants,Myanmar,104,13382.0,6530.0,6852.0,48.8,Asia,2005
Immigrants,Switzerland,756,13100.0,6943.0,6157.0,53,Europe,2005
Immigrants,Argentina,32,13097.0,6418.0,6679.0,49,South America,2005
Immigrants,Uruguay,858,10804.0,5208.0,5596.0,48.2,South America,2005
Immigrants,Kenya,404,10795.0,5592.0,5203.0,51.8,Africa,2005
Immigrants,El Salvador,222,10750.0,5246.0,5504.0,48.8,Central America,2005
Immigrants,Timor-Leste,626,10733.0,5366.0,5367.0,50,Asia,2005
Immigrants,Laos,418,10585.0,5176.0,5409.0,48.9,Asia,2005
Immigrants,Denmark,208,10481.0,5597.0,4884.0,53.4,Europe,2005
Immigrants,Finland,246,9503.0,4276.0,5227.0,45,Europe,2005
Immigrants,Israel,376,8942.0,4945.0,3997.0,55.3,Asia,2005
Immigrants,Slovenia,705,8786.0,4516.0,4270.0,51.4,Europe,2005
Immigrants,Tonga,776,8716.0,4436.0,4280.0,50.9,Oceania,2005
Immigrants,Sweden,752,8566.0,4095.0,4471.0,47.8,Europe,2005
Immigrants,Syrian Arab Republic,760,8269.0,4093.0,4176.0,49.5,Asia,2005
Immigrants,Brazil,76,7512.0,3516.0,3996.0,46.8,South America,2005
Immigrants,Peru,604,6712.0,2926.0,3786.0,43.6,South America,2005
Immigrants,Latvia,428,6300.0,2866.0,3434.0,45.5,Europe,2005
Immigrants,Ethiopia,231,6064.0,3129.0,2935.0,51.6,Africa,2005
Immigrants,Slovakia,703,6055.0,3058.0,2997.0,50.5,Europe,2005
Immigrants,Belgium,56,5796.0,2852.0,2944.0,49.2,Europe,2005
Immigrants,Colombia,170,5794.0,2712.0,3082.0,46.8,South America,2005
Immigrants,Zambia,894,4548.0,2274.0,2274.0,50,Africa,2005
Immigrants,Somalia,706,4504.0,2225.0,2279.0,49.4,Africa,2005
Immigrants,Norway,578,4392.0,2192.0,2200.0,49.9,Europe,2005
Immigrants,Jordan,400,4155.0,2343.0,1812.0,56.4,Asia,2005
Immigrants,Nepal,524,3799.0,2393.0,1406.0,63,Asia,2005
Immigrants,Montenegro,499,3524.0,1815.0,1709.0,51.5,Europe,2005
Immigrants,Bulgaria,100,3424.0,1746.0,1678.0,51,Europe,2005
Immigrants,Lithuania,440,3296.0,1513.0,1783.0,45.9,Europe,2005
Immigrants,State of Palestine,275,3255.0,1839.0,1416.0,56.5,Asia,2005
Immigrants,Kuwait,414,3146.0,1721.0,1425.0,54.7,Asia,2005
Immigrants,Saudi Arabia,682,2969.0,1636.0,1333.0,55.1,Asia,2005
Immigrants,Seychelles,690,2895.0,1335.0,1560.0,46.1,Africa,2005
Immigrants,Ghana,288,2847.0,1572.0,1275.0,55.2,Africa,2005
Immigrants,United Arab Emirates,784,2818.0,1601.0,1217.0,56.8,Asia,2005
Immigrants,Nigeria,566,2600.0,1565.0,1035.0,60.2,Africa,2005
Immigrants,Brunei Darussalam,96,2561.0,1255.0,1306.0,49,Asia,2005
Immigrants,Tanzania,834,2328.0,1315.0,1013.0,56.5,Africa,2005
Immigrants,Eritrea,232,2293.0,1169.0,1124.0,51,Africa,2005
Immigrants,Albania,8,2281.0,1211.0,1070.0,53.1,Europe,2005
Immigrants,"China, Macao SAR",446,2090.0,953.0,1137.0,45.6,Asia,2005
Immigrants,Uganda,800,1864.0,971.0,893.0,52.1,Africa,2005
Immigrants,Mexico,484,1838.0,868.0,970.0,47.2,North America,2005
Immigrants,Ecuador,218,1655.0,804.0,851.0,48.6,South America,2005
Immigrants,Estonia,233,1654.0,733.0,921.0,44.3,Europe,2005
Immigrants,Solomon Islands,90,1640.0,722.0,918.0,44,Oceania,2005
Immigrants,Belarus,112,1608.0,706.0,902.0,43.9,Europe,2005
Immigrants,Venezuela,862,1595.0,731.0,864.0,45.8,South America,2005
Immigrants,Libya,434,1577.0,847.0,730.0,53.7,Africa,2005
Immigrants,Morocco,504,1562.0,947.0,615.0,60.6,Africa,2005
Immigrants,Trinidad and Tobago,780,1558.0,791.0,767.0,50.8,North America,2005
Immigrants,Sierra Leone,694,1490.0,755.0,735.0,50.7,Africa,2005
Immigrants,Algeria,12,1330.0,817.0,513.0,61.4,Africa,2005
Immigrants,New Caledonia,540,1255.0,545.0,710.0,43.4,Oceania,2005
Immigrants,Vanuatu,548,1183.0,567.0,616.0,47.9,Oceania,2005
Immigrants,Liberia,430,1161.0,571.0,590.0,49.2,Africa,2005
Immigrants,Armenia,51,1111.0,529.0,582.0,47.6,Asia,2005
Immigrants,Bahrain,48,1077.0,602.0,475.0,55.9,Asia,2005
Immigrants,Jamaica,388,1003.0,521.0,482.0,51.9,North America,2005
Immigrants,Botswana,72,973.0,553.0,420.0,56.8,Africa,2005
Immigrants,Oman,512,852.0,498.0,354.0,58.5,Asia,2005
Immigrants,Republic of Moldova,498,816.0,375.0,441.0,46,Europe,2005
Immigrants,Uzbekistan,860,777.0,362.0,415.0,46.6,Asia,2005
Immigrants,Nicaragua,558,776.0,364.0,412.0,46.9,Central America,2005
Immigrants,Mozambique,508,771.0,401.0,370.0,52,Africa,2005
Immigrants,Bolivia,68,770.0,364.0,406.0,47.3,South America,2005
Immigrants,Malawi,454,761.0,370.0,391.0,48.6,Africa,2005
Immigrants,Namibia,516,737.0,378.0,359.0,51.3,Africa,2005
Immigrants,Kazakhstan,398,677.0,255.0,422.0,37.7,Asia,2005
Immigrants,Iceland,352,670.0,350.0,320.0,52.2,Europe,2005
Immigrants,Congo,178,644.0,377.0,267.0,58.5,Africa,2005
Immigrants,Cuba,192,612.0,324.0,288.0,52.9,North America,2005
Immigrants,Guyana,328,563.0,262.0,301.0,46.5,South America,2005
Immigrants,Tunisia,788,542.0,331.0,211.0,61.1,Africa,2005
Immigrants,Yemen,887,520.0,290.0,230.0,55.8,Asia,2005
Immigrants,Kiribati,296,485.0,190.0,295.0,39.2,Oceania,2005
Immigrants,Angola,24,451.0,231.0,220.0,51.2,Africa,2005
Immigrants,Qatar,634,447.0,267.0,180.0,59.7,Asia,2005
Immigrants,Paraguay,600,411.0,190.0,221.0,46.2,South America,2005
Immigrants,Georgia,268,397.0,187.0,210.0,47.1,Asia,2005
Immigrants,French Polynesia,258,392.0,152.0,240.0,38.8,Oceania,2005
Immigrants,D.R. Congo,180,390.0,189.0,201.0,48.5,Africa,2005
Immigrants,Barbados,52,382.0,208.0,174.0,54.5,North America,2005
Immigrants,Costa Rica,188,380.0,200.0,180.0,52.6,Central America,2005
Immigrants,Burundi,108,379.0,207.0,172.0,54.6,Africa,2005
Immigrants,Guatemala,320,350.0,158.0,192.0,45.1,Central America,2005
Immigrants,Azerbaijan,31,298.0,120.0,178.0,40.3,Asia,2005
Immigrants,Maldives,462,280.0,112.0,168.0,40,Asia,2005
Immigrants,Senegal,686,272.0,167.0,105.0,61.4,Africa,2005
Immigrants,Swaziland,748,270.0,138.0,132.0,51.1,Africa,2005
Immigrants,Bahamas,44,268.0,115.0,153.0,42.9,North America,2005
Immigrants,Mongolia,496,246.0,105.0,141.0,42.7,Asia,2005
Immigrants,Kyrgyzstan,417,233.0,98.0,135.0,42.1,Asia,2005
Immigrants,Honduras,340,225.0,125.0,100.0,55.6,Central America,2005
Immigrants,Madagascar,450,222.0,102.0,120.0,45.9,Africa,2005
Immigrants,Guinea,324,194.0,105.0,89.0,54.1,Africa,2005
Immigrants,Rwanda,646,179.0,78.0,101.0,43.6,Africa,2005
Immigrants,Luxembourg,442,174.0,82.0,92.0,47.1,Europe,2005
Immigrants,Panama,591,172.0,100.0,72.0,58.1,Central America,2005
Immigrants,Côte d'Ivoire,384,171.0,93.0,78.0,54.4,Africa,2005
Immigrants,Puerto Rico,630,166.0,72.0,94.0,43.4,North America,2005
Immigrants,Réunion,638,142.0,54.0,88.0,38,Africa,2005
Immigrants,Cameroon,120,130.0,77.0,53.0,59.2,Africa,2005
Immigrants,Bhutan,64,129.0,78.0,51.0,60.5,Asia,2005
Immigrants,Grenada,308,128.0,68.0,60.0,53.1,North America,2005
Immigrants,Djibouti,262,113.0,45.0,68.0,39.8,Africa,2005
Immigrants,Dominican Republic,214,108.0,50.0,58.0,46.3,North America,2005
Immigrants,Curaçao,531,102.0,42.0,60.0,41.2,America,2005
Immigrants,Suriname,740,102.0,50.0,52.0,49,South America,2005
Immigrants,Haiti,332,94.0,42.0,52.0,44.7,North America,2005
Immigrants,Lesotho,426,92.0,50.0,42.0,54.3,Africa,2005
Immigrants,Saint Vincent and the Grenadines,670,88.0,56.0,32.0,63.6,North America,2005
Immigrants,Guam,316,80.0,42.0,38.0,52.5,Oceania,2005
Immigrants,Gambia,270,80.0,43.0,37.0,53.8,Africa,2005
Immigrants,Tajikistan,762,65.0,25.0,40.0,38.5,Asia,2005
Immigrants,Belize,84,60.0,30.0,30.0,50,Central America,2005
Immigrants,Turkmenistan,795,60.0,20.0,40.0,33.3,Asia,2005
Immigrants,Monaco,492,50.0,20.0,30.0,40,Europe,2005
Immigrants,Aruba,533,50.0,20.0,30.0,40,North America,2005
Immigrants,Mali,466,42.0,22.0,20.0,52.4,Africa,2005
Immigrants,Chad,148,40.0,23.0,17.0,57.5,Africa,2005
Immigrants,Saint Lucia,662,38.0,26.0,12.0,68.4,North America,2005
Immigrants,Antigua and Barbuda,28,35.0,14.0,21.0,40,North America,2005
Immigrants,Togo,768,32.0,22.0,10.0,68.8,Africa,2005
Immigrants,Gabon,266,30.0,20.0,10.0,66.7,Africa,2005
Immigrants,Benin,204,30.0,20.0,10.0,66.7,Africa,2005
Immigrants,Burkina Faso,854,20.0,10.0,10.0,50,Africa,2005
Immigrants,Central African Republic,140,10.0,6.0,4.0,60,Africa,2005
Emigrants,United Kingdom,826,115290.0,52803.0,62487.0,45.8,Europe,2005
Emigrants,New Zealand,554,61754.0,28839.0,32915.0,46.7,Australia,2005
Emigrants,Greece,300,20467.0,9353.0,11114.0,45.7,Europe,2005
Emigrants,Italy,380,17973.0,7908.0,10065.0,44,Europe,2005
Emigrants,Canada,124,17893.0,8624.0,9269.0,48.2,North America,2005
Emigrants,Japan,392,10964.0,7061.0,3903.0,64.4,Asia,2005
Emigrants,China,156,10913.0,6330.0,4583.0,58,Asia,2005
Emigrants,Papua New Guinea,598,10675.0,6992.0,3683.0,65.5,Oceania,2005
Emigrants,Singapore,702,8236.0,4316.0,3920.0,52.4,Asia,2005
Emigrants,"China, Hong Kong SAR",344,8195.0,4499.0,3696.0,54.9,Asia,2005
Emigrants,Ireland,372,7978.0,3813.0,4165.0,47.8,Europe,2005
Emigrants,Indonesia,360,4660.0,2460.0,2200.0,52.8,Asia,2005
Emigrants,Malta,470,4016.0,1795.0,2221.0,44.7,Europe,2005
Emigrants,South Africa,710,3004.0,1508.0,1496.0,50.2,Africa,2005
Emigrants,Israel,376,2913.0,1387.0,1526.0,47.6,Asia,2005
Emigrants,Philippines,608,2822.0,1792.0,1030.0,63.5,Asia,2005
Emigrants,Malaysia,458,2432.0,1342.0,1090.0,55.2,Asia,2005
Emigrants,Cyprus,196,2037.0,961.0,1076.0,47.2,Asia,2005
Emigrants,Denmark,208,1843.0,980.0,863.0,53.2,Europe,2005
Emigrants,Fiji,242,1706.0,901.0,805.0,52.8,Oceania,2005
Emigrants,Argentina,32,1451.0,665.0,786.0,45.8,South America,2005
Emigrants,India,356,1246.0,627.0,619.0,50.3,Asia,2005
Emigrants,Portugal,620,1224.0,561.0,663.0,45.8,Europe,2005
Emigrants,Norway,578,1203.0,671.0,532.0,55.8,Europe,2005
Emigrants,Croatia,191,1169.0,537.0,632.0,45.9,Europe,2005
Emigrants,Chile,152,1002.0,516.0,486.0,51.5,South America,2005
Emigrants,Taiwan,158,903.0,651.0,252.0,72.1,Asia,2005
Emigrants,Hungary,348,789.0,388.0,401.0,49.2,Europe,2005
Emigrants,Finland,246,774.0,455.0,319.0,58.8,Europe,2005
Emigrants,Egypt,818,702.0,442.0,260.0,63,Africa,2005
Emigrants,Poland,616,670.0,369.0,301.0,55.1,Europe,2005
Emigrants,Libya,434,608.0,425.0,183.0,69.9,Africa,2005
Emigrants,Peru,604,561.0,313.0,248.0,55.8,South America,2005
Emigrants,Namibia,516,557.0,215.0,342.0,38.6,Africa,2005
Emigrants,Vanuatu,548,549.0,275.0,274.0,50.1,Oceania,2005
Emigrants,Timor-Leste,626,522.0,238.0,284.0,45.6,Asia,2005
Emigrants,Brazil,76,511.0,302.0,209.0,59.1,South America,2005
Emigrants,Brunei Darussalam,96,493.0,269.0,224.0,54.6,Asia,2005
Emigrants,Samoa,882,396.0,222.0,174.0,56.1,Oceania,2005
Emigrants,Serbia,688,369.0,168.0,201.0,45.5,Europe,2005
Emigrants,Mexico,484,352.0,170.0,182.0,48.3,North America,2005
Emigrants,Slovenia,705,335.0,162.0,173.0,48.4,Europe,2005
Emigrants,New Caledonia,540,317.0,140.0,177.0,44.2,Oceania,2005
Emigrants,Solomon Islands,90,309.0,175.0,134.0,56.6,Oceania,2005
Emigrants,Sri Lanka,144,253.0,126.0,127.0,49.8,Asia,2005
Emigrants,Botswana,72,225.0,109.0,116.0,48.4,Africa,2005
Emigrants,Slovakia,703,198.0,103.0,95.0,52,Europe,2005
Emigrants,Ecuador,218,195.0,108.0,87.0,55.4,South America,2005
Emigrants,Colombia,170,184.0,84.0,100.0,45.7,South America,2005
Emigrants,Cambodia,116,179.0,114.0,65.0,63.7,Asia,2005
Emigrants,Bolivia,68,175.0,89.0,86.0,50.9,South America,2005
Emigrants,Dem. People's Republic of Korea,408,155.0,83.0,72.0,53.5,Asia,2005
Emigrants,Zambia,894,148.0,72.0,76.0,48.6,Africa,2005
Emigrants,Azerbaijan,31,146.0,68.0,78.0,46.6,Asia,2005
Emigrants,Uganda,800,146.0,67.0,79.0,45.9,Africa,2005
Emigrants,Venezuela,862,133.0,69.0,64.0,51.9,South America,2005
Emigrants,Latvia,428,131.0,82.0,49.0,62.6,Europe,2005
Emigrants,Panama,591,130.0,88.0,42.0,67.7,Central America,2005
Emigrants,Montenegro,499,130.0,43.0,87.0,33.1,Europe,2005
Emigrants,Bulgaria,100,99.0,54.0,45.0,54.5,Europe,2005
Emigrants,Mongolia,496,91.0,59.0,32.0,64.8,Asia,2005
Emigrants,Kiribati,296,83.0,44.0,39.0,53,Oceania,2005
Emigrants,French Polynesia,258,77.0,37.0,40.0,48.1,Oceania,2005
Emigrants,Iceland,352,75.0,33.0,42.0,44,Europe,2005
Emigrants,Bahamas,44,71.0,36.0,35.0,50.7,North America,2005
Emigrants,Dominican Republic,214,60.0,41.0,19.0,68.3,North America,2005
Emigrants,Luxembourg,442,58.0,30.0,28.0,51.7,Europe,2005
Emigrants,Maldives,462,56.0,33.0,23.0,58.9,Asia,2005
Emigrants,Guatemala,320,53.0,31.0,22.0,58.5,Central America,2005
Emigrants,Seychelles,690,48.0,27.0,21.0,56.2,Africa,2005
Emigrants,Costa Rica,188,34.0,16.0,18.0,47.1,Central America,2005
Emigrants,Lithuania,440,33.0,25.0,8.0,75.8,Europe,2005
Emigrants,Swaziland,748,30.0,17.0,13.0,56.7,Africa,2005
Emigrants,Belarus,112,27.0,11.0,16.0,40.7,Europe,2005
Emigrants,Ghana,288,27.0,10.0,17.0,37,Africa,2005
Emigrants,Barbados,52,25.0,13.0,12.0,52,North America,2005
Emigrants,El Salvador,222,24.0,9.0,15.0,37.5,Central America,2005
Emigrants,Bhutan,64,21.0,17.0,4.0,81,Asia,2005
Emigrants,Laos,418,16.0,9.0,7.0,56.2,Asia,2005
Emigrants,Central African Republic,140,13.0,6.0,7.0,46.2,Africa,2005
Emigrants,Saint Lucia,662,13.0,4.0,9.0,30.8,North America,2005
Emigrants,Antigua and Barbuda,28,7.0,4.0,3.0,57.1,North America,2005
Immigrants,United Kingdom,826,1185773.0,603558.0,582215.0,50.9,Europe,2010
Immigrants,New Zealand,554,520509.0,267542.0,252967.0,51.4,Australia,2010
Immigrants,China,156,369549.0,167406.0,202143.0,45.3,Asia,2010
Immigrants,India,356,326913.0,190917.0,135996.0,58.4,Asia,2010
Immigrants,Italy,380,204684.0,105617.0,99067.0,51.6,Europe,2010
Immigrants,Viet Nam,704,203426.0,95203.0,108223.0,46.8,Asia,2010
Immigrants,Philippines,608,183866.0,68766.0,115100.0,37.4,Asia,2010
Immigrants,South Africa,710,156200.0,77944.0,78256.0,49.9,Africa,2010
Immigrants,Malaysia,458,129840.0,60246.0,69594.0,46.4,Asia,2010
Immigrants,Germany,276,126208.0,60327.0,65881.0,47.8,Europe,2010
Immigrants,Greece,300,122541.0,60413.0,62128.0,49.3,Europe,2010
Immigrants,Sri Lanka,144,96257.0,49765.0,46492.0,51.7,Asia,2010
Immigrants,Lebanon,422,89640.0,47151.0,42489.0,52.6,Asia,2010
Immigrants,Netherlands,528,88556.0,45341.0,43215.0,51.2,Europe,2010
Immigrants,United States of America,840,85523.0,43104.0,42419.0,50.4,North America,2010
Immigrants,"China, Hong Kong SAR",344,85347.0,41393.0,43954.0,48.5,Asia,2010
Immigrants,Republic of Korea,410,83946.0,39539.0,44407.0,47.1,Asia,2010
Immigrants,Ireland,372,71858.0,38947.0,32911.0,54.2,Europe,2010
Immigrants,Indonesia,360,71090.0,31422.0,39668.0,44.2,Asia,2010
Immigrants,Croatia,191,68492.0,34931.0,33561.0,51,Europe,2010
Immigrants,Fiji,242,63911.0,29974.0,33937.0,46.9,Oceania,2010
Immigrants,Poland,616,58900.0,26093.0,32807.0,44.3,Europe,2010
Immigrants,Singapore,702,53631.0,24241.0,29390.0,45.2,Asia,2010
Immigrants,Iraq,368,51958.0,27018.0,24940.0,52,Asia,2010
Immigrants,TFYR Macedonia,807,51425.0,26072.0,25353.0,50.7,Europe,2010
Immigrants,Thailand,764,51298.0,17595.0,33703.0,34.3,Asia,2010
Immigrants,Malta,470,48650.0,24909.0,23741.0,51.2,Europe,2010
Immigrants,Canada,124,44589.0,21046.0,23543.0,47.2,North America,2010
Immigrants,Egypt,818,41795.0,22151.0,19644.0,53,Africa,2010
Immigrants,Japan,392,40397.0,13937.0,26460.0,34.5,Asia,2010
Immigrants,Turkey,792,39756.0,20633.0,19123.0,51.9,Asia,2010
Immigrants,Bosnia and Herzegovina,70,39714.0,19897.0,19817.0,50.1,Europe,2010
Immigrants,Iran,364,36536.0,19510.0,17026.0,53.4,Asia,2010
Immigrants,Serbia,688,35147.0,17679.0,17468.0,50.3,Europe,2010
Immigrants,Zimbabwe,716,33653.0,16860.0,16793.0,50.1,Africa,2010
Immigrants,Cambodia,116,31666.0,14630.0,17036.0,46.2,Asia,2010
Immigrants,Taiwan,158,31501.0,13419.0,18082.0,42.6,Asia,2010
Immigrants,Afghanistan,4,30763.0,17073.0,13690.0,55.5,Asia,2010
Immigrants,Pakistan,586,30553.0,18607.0,11946.0,60.9,Asia,2010
Immigrants,Papua New Guinea,598,30064.0,13739.0,16325.0,45.7,Oceania,2010
Immigrants,Bangladesh,50,29393.0,17459.0,11934.0,59.4,Asia,2010
Immigrants,Chile,152,28291.0,13693.0,14598.0,48.4,South America,2010
Immigrants,France,250,28213.0,14558.0,13655.0,51.6,Europe,2010
Immigrants,Mauritius,480,26861.0,13457.0,13404.0,50.1,Africa,2010
Immigrants,Nepal,524,26859.0,16787.0,10072.0,62.5,Asia,2010
Immigrants,Sudan,729,24613.0,13045.0,11568.0,53,Africa,2010
Immigrants,Myanmar,104,23064.0,11278.0,11786.0,48.9,Asia,2010
Immigrants,Hungary,348,22824.0,11526.0,11298.0,50.5,Europe,2010
Immigrants,Cyprus,196,21355.0,10571.0,10784.0,49.5,Asia,2010
Immigrants,Russian Federation,643,20784.0,8043.0,12741.0,38.7,Europe,2010
Immigrants,Samoa,882,20554.0,10154.0,10400.0,49.4,Oceania,2010
Immigrants,Austria,40,20146.0,10677.0,9469.0,53,Europe,2010
Immigrants,Portugal,620,18485.0,9520.0,8965.0,51.5,Europe,2010
Immigrants,Romania,642,16639.0,8120.0,8519.0,48.8,Europe,2010
Immigrants,Brazil,76,16476.0,7876.0,8600.0,47.8,South America,2010
Immigrants,Ukraine,804,16347.0,6702.0,9645.0,41,Europe,2010
Immigrants,Kenya,404,15303.0,7728.0,7575.0,50.5,Africa,2010
Immigrants,Spain,724,14921.0,7565.0,7356.0,50.7,Europe,2010
Immigrants,Switzerland,756,14059.0,7325.0,6734.0,52.1,Europe,2010
Immigrants,Argentina,32,13703.0,6728.0,6975.0,49.1,South America,2010
Immigrants,Czech Republic,203,13588.0,6631.0,6957.0,48.8,Europe,2010
Immigrants,Saudi Arabia,682,12383.0,7876.0,4507.0,63.6,Asia,2010
Immigrants,Colombia,170,12284.0,5859.0,6425.0,47.7,South America,2010
Immigrants,Laos,418,11136.0,5323.0,5813.0,47.8,Asia,2010
Immigrants,El Salvador,222,10945.0,5341.0,5604.0,48.8,Central America,2010
Immigrants,Israel,376,10688.0,5975.0,4713.0,55.9,Asia,2010
Immigrants,Uruguay,858,10621.0,5109.0,5512.0,48.1,South America,2010
Immigrants,Denmark,208,10609.0,5570.0,5039.0,52.5,Europe,2010
Immigrants,Timor-Leste,626,10587.0,5251.0,5336.0,49.6,Asia,2010
Immigrants,Tonga,776,10092.0,5238.0,4854.0,51.9,Oceania,2010
Immigrants,Sweden,752,10039.0,4497.0,5542.0,44.8,Europe,2010
Immigrants,Peru,604,9577.0,4300.0,5277.0,44.9,South America,2010
Immigrants,Finland,246,9523.0,4076.0,5447.0,42.8,Europe,2010
Immigrants,Syrian Arab Republic,760,9358.0,4595.0,4763.0,49.1,Asia,2010
Immigrants,Ethiopia,231,8939.0,4434.0,4505.0,49.6,Africa,2010
Immigrants,Slovenia,705,8382.0,4233.0,4149.0,50.5,Europe,2010
Immigrants,Belgium,56,6517.0,3232.0,3285.0,49.6,Europe,2010
Immigrants,Zambia,894,6165.0,3107.0,3058.0,50.4,Africa,2010
Immigrants,Somalia,706,6155.0,2985.0,3170.0,48.5,Africa,2010
Immigrants,Slovakia,703,5998.0,2819.0,3179.0,47,Europe,2010
Immigrants,Latvia,428,5582.0,2361.0,3221.0,42.3,Europe,2010
Immigrants,Jordan,400,5250.0,2982.0,2268.0,56.8,Asia,2010
Immigrants,United Arab Emirates,784,5215.0,3014.0,2201.0,57.8,Asia,2010
Immigrants,Nigeria,566,4631.0,2742.0,1889.0,59.2,Africa,2010
Immigrants,Norway,578,4347.0,2069.0,2278.0,47.6,Europe,2010
Immigrants,Kuwait,414,4321.0,2493.0,1828.0,57.7,Asia,2010
Immigrants,Ghana,288,4192.0,2259.0,1933.0,53.9,Africa,2010
Immigrants,Tanzania,834,3820.0,2067.0,1753.0,54.1,Africa,2010
Immigrants,Bulgaria,100,3605.0,1712.0,1893.0,47.5,Europe,2010
Immigrants,Mexico,484,3388.0,1670.0,1718.0,49.3,North America,2010
Immigrants,Venezuela,862,3324.0,1619.0,1705.0,48.7,South America,2010
Immigrants,Sierra Leone,694,3265.0,1655.0,1610.0,50.7,Africa,2010
Immigrants,Lithuania,440,3090.0,1319.0,1771.0,42.7,Europe,2010
Immigrants,Eritrea,232,3072.0,1530.0,1542.0,49.8,Africa,2010
Immigrants,State of Palestine,275,3061.0,1736.0,1325.0,56.7,Asia,2010
Immigrants,Brunei Darussalam,96,3030.0,1491.0,1539.0,49.2,Asia,2010
Immigrants,Seychelles,690,2977.0,1363.0,1614.0,45.8,Africa,2010
Immigrants,Liberia,430,2884.0,1370.0,1514.0,47.5,Africa,2010
Immigrants,Albania,8,2872.0,1465.0,1407.0,51,Europe,2010
Immigrants,Uganda,800,2859.0,1447.0,1412.0,50.6,Africa,2010
Immigrants,"China, Macao SAR",446,2558.0,1172.0,1386.0,45.8,Asia,2010
Immigrants,D.R. Congo,180,2423.0,1226.0,1197.0,50.6,Africa,2010
Immigrants,Libya,434,2395.0,1322.0,1073.0,55.2,Africa,2010
Immigrants,Estonia,233,2228.0,1009.0,1219.0,45.3,Europe,2010
Immigrants,Solomon Islands,90,1944.0,873.0,1071.0,44.9,Oceania,2010
Immigrants,Ecuador,218,1934.0,948.0,986.0,49,South America,2010
Immigrants,Montenegro,499,1876.0,955.0,921.0,50.9,Europe,2010
Immigrants,Burundi,108,1850.0,936.0,914.0,50.6,Africa,2010
Immigrants,Belarus,112,1840.0,756.0,1084.0,41.1,Europe,2010
Immigrants,Morocco,504,1805.0,1054.0,751.0,58.4,Africa,2010
Immigrants,Bhutan,64,1700.0,858.0,842.0,50.5,Asia,2010
Immigrants,Trinidad and Tobago,780,1693.0,852.0,841.0,50.3,North America,2010
Immigrants,New Caledonia,540,1442.0,656.0,786.0,45.5,Oceania,2010
Immigrants,Algeria,12,1382.0,851.0,531.0,61.6,Africa,2010
Immigrants,Bahrain,48,1353.0,748.0,605.0,55.3,Asia,2010
Immigrants,Uzbekistan,860,1303.0,601.0,702.0,46.1,Asia,2010
Immigrants,Vanuatu,548,1283.0,611.0,672.0,47.6,Oceania,2010
Immigrants,Oman,512,1237.0,725.0,512.0,58.6,Asia,2010
Immigrants,Armenia,51,1199.0,546.0,653.0,45.5,Asia,2010
Immigrants,Kazakhstan,398,1190.0,446.0,744.0,37.5,Asia,2010
Immigrants,Botswana,72,1120.0,587.0,533.0,52.4,Africa,2010
Immigrants,Jamaica,388,1098.0,584.0,514.0,53.2,North America,2010
Immigrants,Namibia,516,1097.0,553.0,544.0,50.4,Africa,2010
Immigrants,Malawi,454,1023.0,514.0,509.0,50.2,Africa,2010
Immigrants,Congo,178,1022.0,564.0,458.0,55.2,Africa,2010
Immigrants,Republic of Moldova,498,1000.0,444.0,556.0,44.4,Europe,2010
Immigrants,Mozambique,508,870.0,439.0,431.0,50.5,Africa,2010
Immigrants,Bolivia,68,863.0,404.0,459.0,46.8,South America,2010
Immigrants,Nicaragua,558,818.0,385.0,433.0,47.1,Central America,2010
Immigrants,Cuba,192,745.0,392.0,353.0,52.6,North America,2010
Immigrants,Iceland,352,705.0,366.0,339.0,51.9,Europe,2010
Immigrants,Mongolia,496,700.0,302.0,398.0,43.1,Asia,2010
Immigrants,Qatar,634,654.0,376.0,278.0,57.5,Asia,2010
Immigrants,South Sudan,728,648.0,380.0,268.0,58.6,Africa,2010
Immigrants,Guinea,324,642.0,316.0,326.0,49.2,Africa,2010
Immigrants,Rwanda,646,609.0,287.0,322.0,47.1,Africa,2010
Immigrants,Guyana,328,602.0,280.0,322.0,46.5,South America,2010
Immigrants,Kiribati,296,598.0,223.0,375.0,37.3,Oceania,2010
Immigrants,Yemen,887,595.0,326.0,269.0,54.8,Asia,2010
Immigrants,Tunisia,788,572.0,333.0,239.0,58.2,Africa,2010
Immigrants,Angola,24,528.0,281.0,247.0,53.2,Africa,2010
Immigrants,Georgia,268,487.0,227.0,260.0,46.6,Asia,2010
Immigrants,Côte d'Ivoire,384,467.0,238.0,229.0,51,Africa,2010
Immigrants,French Polynesia,258,465.0,186.0,279.0,40,Oceania,2010
Immigrants,Paraguay,600,443.0,205.0,238.0,46.3,South America,2010
Immigrants,Costa Rica,188,437.0,229.0,208.0,52.4,Central America,2010
Immigrants,Barbados,52,428.0,230.0,198.0,53.7,North America,2010
Immigrants,Maldives,462,423.0,188.0,235.0,44.4,Asia,2010
Immigrants,Azerbaijan,31,422.0,179.0,243.0,42.4,Asia,2010
Immigrants,Guatemala,320,414.0,194.0,220.0,46.9,Central America,2010
Immigrants,Senegal,686,370.0,233.0,137.0,63,Africa,2010
Immigrants,Kyrgyzstan,417,362.0,150.0,212.0,41.4,Asia,2010
Immigrants,Swaziland,748,340.0,171.0,169.0,50.3,Africa,2010
Immigrants,Bahamas,44,282.0,124.0,158.0,44,North America,2010
Immigrants,Togo,768,278.0,142.0,136.0,51.1,Africa,2010
Immigrants,Cameroon,120,268.0,168.0,100.0,62.7,Africa,2010
Immigrants,Madagascar,450,263.0,112.0,151.0,42.6,Africa,2010
Immigrants,Honduras,340,240.0,120.0,120.0,50,Central America,2010
Immigrants,Panama,591,218.0,128.0,90.0,58.7,Central America,2010
Immigrants,Luxembourg,442,212.0,100.0,112.0,47.2,Europe,2010
Immigrants,Réunion,638,210.0,90.0,120.0,42.9,Africa,2010
Immigrants,Puerto Rico,630,145.0,67.0,78.0,46.2,North America,2010
Immigrants,Dominican Republic,214,141.0,60.0,81.0,42.6,North America,2010
Immigrants,Djibouti,262,134.0,64.0,70.0,47.8,Africa,2010
Immigrants,Grenada,308,130.0,79.0,51.0,60.8,North America,2010
Immigrants,Suriname,740,120.0,50.0,70.0,41.7,South America,2010
Immigrants,Curaçao,531,117.0,50.0,67.0,42.7,America,2010
Immigrants,Lesotho,426,112.0,54.0,58.0,48.2,Africa,2010
Immigrants,Haiti,332,102.0,44.0,58.0,43.1,North America,2010
Immigrants,Gambia,270,102.0,62.0,40.0,60.8,Africa,2010
Immigrants,Tajikistan,762,100.0,32.0,68.0,32,Asia,2010
Immigrants,Guam,316,97.0,52.0,45.0,53.6,Oceania,2010
Immigrants,Turkmenistan,795,88.0,22.0,66.0,25,Asia,2010
Immigrants,Benin,204,80.0,49.0,31.0,61.3,Africa,2010
Immigrants,Monaco,492,68.0,30.0,38.0,44.1,Europe,2010
Immigrants,Belize,84,62.0,24.0,38.0,38.7,Central America,2010
Immigrants,Aruba,533,60.0,30.0,30.0,50,North America,2010
Immigrants,Chad,148,57.0,37.0,20.0,64.9,Africa,2010
Immigrants,Mali,466,57.0,37.0,20.0,64.9,Africa,2010
Immigrants,Saint Vincent and the Grenadines,670,56.0,32.0,24.0,57.1,North America,2010
Immigrants,Saint Lucia,662,50.0,30.0,20.0,60,North America,2010
Immigrants,Antigua and Barbuda,28,40.0,18.0,22.0,45,North America,2010
Immigrants,Burkina Faso,854,40.0,22.0,18.0,55,Africa,2010
Immigrants,Gabon,266,30.0,12.0,18.0,40,Africa,2010
Immigrants,Central African Republic,140,20.0,10.0,10.0,50,Africa,2010
Emigrants,United Kingdom,826,124989.0,58620.0,66369.0,46.9,Europe,2010
Emigrants,New Zealand,554,62683.0,29210.0,33473.0,46.6,Australia,2010
Emigrants,Canada,124,24105.0,12197.0,11908.0,50.6,North America,2010
Emigrants,Greece,300,21417.0,9680.0,11737.0,45.2,Europe,2010
Emigrants,Italy,380,18635.0,8143.0,10492.0,43.7,Europe,2010
Emigrants,China,156,12987.0,7597.0,5390.0,58.5,Asia,2010
Emigrants,Singapore,702,11305.0,5924.0,5381.0,52.4,Asia,2010
Emigrants,Japan,392,9902.0,6327.0,3575.0,63.9,Asia,2010
Emigrants,Papua New Guinea,598,9056.0,6095.0,2961.0,67.3,Oceania,2010
Emigrants,"China, Hong Kong SAR",344,8903.0,4727.0,4176.0,53.1,Asia,2010
Emigrants,Ireland,372,6205.0,3084.0,3121.0,49.7,Europe,2010
Emigrants,Indonesia,360,4168.0,2217.0,1951.0,53.2,Asia,2010
Emigrants,Malta,470,3461.0,1592.0,1869.0,46,Europe,2010
Emigrants,Philippines,608,3357.0,2145.0,1212.0,63.9,Asia,2010
Emigrants,Israel,376,3226.0,1574.0,1652.0,48.8,Asia,2010
Emigrants,Cyprus,196,3126.0,1500.0,1626.0,48,Asia,2010
Emigrants,South Africa,710,2739.0,1397.0,1342.0,51,Africa,2010
Emigrants,Denmark,208,2546.0,1339.0,1207.0,52.6,Europe,2010
Emigrants,Malaysia,458,2433.0,1343.0,1090.0,55.2,Asia,2010
Emigrants,India,356,2082.0,1060.0,1022.0,50.9,Asia,2010
Emigrants,Fiji,242,1832.0,980.0,852.0,53.5,Oceania,2010
Emigrants,Norway,578,1770.0,1044.0,726.0,59,Europe,2010
Emigrants,Croatia,191,1585.0,751.0,834.0,47.4,Europe,2010
Emigrants,Argentina,32,1192.0,550.0,642.0,46.1,South America,2010
Emigrants,Portugal,620,1061.0,491.0,570.0,46.3,Europe,2010
Emigrants,Chile,152,1058.0,547.0,511.0,51.7,South America,2010
Emigrants,Hungary,348,942.0,469.0,473.0,49.8,Europe,2010
Emigrants,Finland,246,916.0,544.0,372.0,59.4,Europe,2010
Emigrants,Egypt,818,874.0,568.0,306.0,65,Africa,2010
Emigrants,Poland,616,785.0,481.0,304.0,61.3,Europe,2010
Emigrants,Taiwan,158,732.0,515.0,217.0,70.4,Asia,2010
Emigrants,Libya,434,667.0,468.0,199.0,70.2,Africa,2010
Emigrants,Vanuatu,548,612.0,305.0,307.0,49.8,Oceania,2010
Emigrants,Brazil,76,573.0,432.0,141.0,75.4,South America,2010
Emigrants,Timor-Leste,626,543.0,256.0,287.0,47.1,Asia,2010
Emigrants,Namibia,516,536.0,208.0,328.0,38.8,Africa,2010
Emigrants,Brunei Darussalam,96,504.0,276.0,228.0,54.8,Asia,2010
Emigrants,Serbia,688,502.0,235.0,267.0,46.8,Europe,2010
Emigrants,Peru,604,500.0,279.0,221.0,55.8,South America,2010
Emigrants,Sri Lanka,144,465.0,229.0,236.0,49.2,Asia,2010
Emigrants,Mexico,484,431.0,220.0,211.0,51,North America,2010
Emigrants,Slovenia,705,393.0,202.0,191.0,51.4,Europe,2010
Emigrants,Samoa,882,346.0,192.0,154.0,55.5,Oceania,2010
Emigrants,Botswana,72,338.0,163.0,175.0,48.2,Africa,2010
Emigrants,New Caledonia,540,337.0,150.0,187.0,44.5,Oceania,2010
Emigrants,Solomon Islands,90,298.0,167.0,131.0,56,Oceania,2010
Emigrants,Colombia,170,276.0,132.0,144.0,47.8,South America,2010
Emigrants,Zambia,894,264.0,136.0,128.0,51.5,Africa,2010
Emigrants,Ecuador,218,262.0,143.0,119.0,54.6,South America,2010
Emigrants,Panama,591,238.0,165.0,73.0,69.3,Central America,2010
Emigrants,Slovakia,703,222.0,117.0,105.0,52.7,Europe,2010
Emigrants,Bolivia,68,196.0,108.0,88.0,55.1,South America,2010
Emigrants,Mongolia,496,189.0,124.0,65.0,65.6,Asia,2010
Emigrants,Dem. People's Republic of Korea,408,183.0,98.0,85.0,53.6,Asia,2010
Emigrants,Latvia,428,166.0,106.0,60.0,63.9,Europe,2010
Emigrants,Uganda,800,163.0,75.0,88.0,46,Africa,2010
Emigrants,Venezuela,862,141.0,74.0,67.0,52.5,South America,2010
Emigrants,Cambodia,116,129.0,85.0,44.0,65.9,Asia,2010
Emigrants,Bulgaria,100,129.0,70.0,59.0,54.3,Europe,2010
Emigrants,Azerbaijan,31,129.0,60.0,69.0,46.5,Asia,2010
Emigrants,Montenegro,499,122.0,39.0,83.0,32,Europe,2010
Emigrants,Laos,418,110.0,76.0,34.0,69.1,Asia,2010
Emigrants,Iceland,352,86.0,39.0,47.0,45.3,Europe,2010
Emigrants,Kiribati,296,81.0,45.0,36.0,55.6,Oceania,2010
Emigrants,Bahamas,44,77.0,39.0,38.0,50.6,North America,2010
Emigrants,French Polynesia,258,74.0,36.0,38.0,48.6,Oceania,2010
Emigrants,Costa Rica,188,67.0,33.0,34.0,49.3,Central America,2010
Emigrants,Maldives,462,67.0,51.0,16.0,76.1,Asia,2010
Emigrants,Estonia,233,63.0,44.0,19.0,69.8,Europe,2010
Emigrants,Guatemala,320,61.0,37.0,24.0,60.7,Central America,2010
Emigrants,Luxembourg,442,50.0,27.0,23.0,54,Europe,2010
Emigrants,Seychelles,690,46.0,23.0,23.0,50,Africa,2010
Emigrants,Swaziland,748,44.0,24.0,20.0,54.5,Africa,2010
Emigrants,Lithuania,440,44.0,35.0,9.0,79.5,Europe,2010
Emigrants,Dominican Republic,214,39.0,26.0,13.0,66.7,North America,2010
Emigrants,Ghana,288,27.0,11.0,16.0,40.7,Africa,2010
Emigrants,El Salvador,222,26.0,10.0,16.0,38.5,Central America,2010
Emigrants,Belarus,112,26.0,10.0,16.0,38.5,Europe,2010
Emigrants,Bhutan,64,25.0,20.0,5.0,80,Asia,2010
Emigrants,Barbados,52,23.0,11.0,12.0,47.8,North America,2010
Emigrants,Central African Republic,140,13.0,6.0,7.0,46.2,Africa,2010
Emigrants,Saint Lucia,662,13.0,4.0,9.0,30.8,North America,2010
Emigrants,Antigua and Barbuda,28,7.0,4.0,3.0,57.1,North America,2010
Immigrants,United Kingdom,826,1206060.0,613885.0,592175.0,50.9,Europe,2015
Immigrants,New Zealand,554,575163.0,293333.0,281830.0,51,Australia,2015
Immigrants,China,156,509635.0,226788.0,282847.0,44.5,Asia,2015
Immigrants,India,356,448940.0,244223.0,204717.0,54.4,Asia,2015
Immigrants,Philippines,608,241235.0,94805.0,146430.0,39.3,Asia,2015
Immigrants,Viet Nam,704,235732.0,107022.0,128710.0,45.4,Asia,2015
Immigrants,Italy,380,198440.0,102593.0,95847.0,51.7,Europe,2015
Immigrants,South Africa,710,177482.0,88386.0,89096.0,49.8,Africa,2015
Immigrants,Malaysia,458,144205.0,67488.0,76717.0,46.8,Asia,2015
Immigrants,Sri Lanka,144,119760.0,61916.0,57844.0,51.7,Asia,2015
Immigrants,Germany,276,118882.0,56350.0,62532.0,47.4,Europe,2015
Immigrants,Greece,300,115825.0,56407.0,59418.0,48.7,Europe,2015
Immigrants,Republic of Korea,410,106655.0,50235.0,56420.0,47.1,Asia,2015
Immigrants,United States of America,840,104434.0,52948.0,51486.0,50.7,North America,2015
Immigrants,"China, Hong Kong SAR",344,95107.0,45937.0,49170.0,48.3,Asia,2015
Immigrants,Lebanon,422,93227.0,48571.0,44656.0,52.1,Asia,2015
Immigrants,Ireland,372,90665.0,48506.0,42159.0,53.5,Europe,2015
Immigrants,Netherlands,528,80566.0,40928.0,39638.0,50.8,Europe,2015
Immigrants,Indonesia,360,76976.0,33485.0,43491.0,43.5,Asia,2015
Immigrants,Fiji,242,72652.0,34001.0,38651.0,46.8,Oceania,2015
Immigrants,Iraq,368,70625.0,36442.0,34183.0,51.6,Asia,2015
Immigrants,Thailand,764,66376.0,21572.0,44804.0,32.5,Asia,2015
Immigrants,Pakistan,586,62116.0,37704.0,24412.0,60.7,Asia,2015
Immigrants,Croatia,191,61762.0,31005.0,30757.0,50.2,Europe,2015
Immigrants,Iran,364,61710.0,32768.0,28942.0,53.1,Asia,2015
Immigrants,Singapore,702,59325.0,27705.0,31620.0,46.7,Asia,2015
Immigrants,Poland,616,54501.0,23653.0,30848.0,43.4,Europe,2015
Immigrants,Canada,124,52593.0,24456.0,28137.0,46.5,North America,2015
Immigrants,Taiwan,158,52135.0,22157.0,29978.0,42.5,Asia,2015
Immigrants,Nepal,524,50235.0,27981.0,22254.0,55.7,Asia,2015
Immigrants,TFYR Macedonia,807,49963.0,25081.0,24882.0,50.2,Europe,2015
Immigrants,Afghanistan,4,49616.0,28926.0,20690.0,58.3,Asia,2015
Immigrants,Japan,392,47609.0,15425.0,32184.0,32.4,Asia,2015
Immigrants,Egypt,818,44717.0,23298.0,21419.0,52.1,Africa,2015
Immigrants,Malta,470,44062.0,22339.0,21723.0,50.7,Europe,2015
Immigrants,Bangladesh,50,43074.0,23906.0,19168.0,55.5,Asia,2015
Immigrants,Zimbabwe,716,40243.0,20081.0,20162.0,49.9,Africa,2015
Immigrants,Turkey,792,39817.0,20625.0,19192.0,51.8,Asia,2015
Immigrants,Bosnia and Herzegovina,70,36757.0,18195.0,18562.0,49.5,Europe,2015
Immigrants,France,250,36539.0,19037.0,17502.0,52.1,Europe,2015
Immigrants,Cambodia,116,34438.0,15669.0,18769.0,45.5,Asia,2015
Immigrants,Serbia,688,33796.0,16695.0,17101.0,49.4,Europe,2015
Immigrants,Papua New Guinea,598,33592.0,15184.0,18408.0,45.2,Oceania,2015
Immigrants,Myanmar,104,32170.0,15956.0,16214.0,49.6,Asia,2015
Immigrants,Chile,152,30250.0,14641.0,15609.0,48.4,South America,2015
Immigrants,Mauritius,480,28687.0,14171.0,14516.0,49.4,Africa,2015
Immigrants,Samoa,882,27802.0,13845.0,13957.0,49.8,Oceania,2015
Immigrants,Brazil,76,27395.0,12903.0,14492.0,47.1,South America,2015
Immigrants,Russian Federation,643,25738.0,9832.0,15906.0,38.2,Europe,2015
Immigrants,Hungary,348,21140.0,10401.0,10739.0,49.2,Europe,2015
Immigrants,Cyprus,196,20077.0,9878.0,10199.0,49.2,Asia,2015
Immigrants,Colombia,170,19945.0,9254.0,10691.0,46.4,South America,2015
Immigrants,Kenya,404,19736.0,9769.0,9967.0,49.5,Africa,2015
Immigrants,Sudan,729,19698.0,10046.0,9652.0,51,Africa,2015
Immigrants,Portugal,620,19148.0,9823.0,9325.0,51.3,Europe,2015
Immigrants,Austria,40,17969.0,9326.0,8643.0,51.9,Europe,2015
Immigrants,Spain,724,17736.0,8974.0,8762.0,50.6,Europe,2015
Immigrants,Ukraine,804,17064.0,7099.0,9965.0,41.6,Europe,2015
Immigrants,Romania,642,17054.0,8186.0,8868.0,48,Europe,2015
Immigrants,Argentina,32,15530.0,7532.0,7998.0,48.5,South America,2015
Immigrants,Saudi Arabia,682,14386.0,8071.0,6315.0,56.1,Asia,2015
Immigrants,Switzerland,756,14177.0,7330.0,6847.0,51.7,Europe,2015
Immigrants,Syrian Arab Republic,760,13864.0,6710.0,7154.0,48.4,Asia,2015
Immigrants,Czech Republic,203,13236.0,6221.0,7015.0,47,Europe,2015
Immigrants,Ethiopia,231,13123.0,6365.0,6758.0,48.5,Africa,2015
Immigrants,Tonga,776,11862.0,6299.0,5563.0,53.1,Oceania,2015
Immigrants,Sweden,752,11485.0,4824.0,6661.0,42,Europe,2015
Immigrants,El Salvador,222,11360.0,5510.0,5850.0,48.5,Central America,2015
Immigrants,Peru,604,11282.0,4908.0,6374.0,43.5,South America,2015
Immigrants,Israel,376,11250.0,6311.0,4939.0,56.1,Asia,2015
Immigrants,Laos,418,11020.0,5168.0,5852.0,46.9,Asia,2015
Immigrants,Uruguay,858,10589.0,5062.0,5527.0,47.8,South America,2015
Immigrants,Denmark,208,10235.0,5302.0,4933.0,51.8,Europe,2015
Immigrants,Timor-Leste,626,9992.0,4966.0,5026.0,49.7,Asia,2015
Immigrants,Finland,246,9175.0,3734.0,5441.0,40.7,Europe,2015
Immigrants,Somalia,706,8686.0,4204.0,4482.0,48.4,Africa,2015
Immigrants,Nigeria,566,8412.0,5064.0,3348.0,60.2,Africa,2015
Immigrants,United Arab Emirates,784,8122.0,4297.0,3825.0,52.9,Asia,2015
Immigrants,Slovenia,705,8068.0,4034.0,4034.0,50,Europe,2015
Immigrants,South Sudan,728,7511.0,4139.0,3372.0,55.1,Africa,2015
Immigrants,Zambia,894,7323.0,3603.0,3720.0,49.2,Africa,2015
Immigrants,Belgium,56,7288.0,3673.0,3615.0,50.4,Europe,2015
Immigrants,Slovakia,703,6701.0,3103.0,3598.0,46.3,Europe,2015
Immigrants,Kuwait,414,6575.0,3919.0,2656.0,59.6,Asia,2015
Immigrants,Jordan,400,6554.0,3644.0,2910.0,55.6,Asia,2015
Immigrants,Ghana,288,5909.0,3232.0,2677.0,54.7,Africa,2015
Immigrants,Bhutan,64,5834.0,2975.0,2859.0,51,Asia,2015
Immigrants,Venezuela,862,5771.0,2886.0,2885.0,50,South America,2015
Immigrants,Mexico,484,5410.0,2624.0,2786.0,48.5,North America,2015
Immigrants,Latvia,428,4992.0,1992.0,3000.0,39.9,Europe,2015
Immigrants,Eritrea,232,4662.0,2284.0,2378.0,49,Africa,2015
Immigrants,Tanzania,834,4495.0,2382.0,2113.0,53,Africa,2015
Immigrants,Norway,578,4382.0,1946.0,2436.0,44.4,Europe,2015
Immigrants,D.R. Congo,180,4318.0,2168.0,2150.0,50.2,Africa,2015
Immigrants,Sierra Leone,694,3989.0,1987.0,2002.0,49.8,Africa,2015
Immigrants,Bulgaria,100,3939.0,1820.0,2119.0,46.2,Europe,2015
Immigrants,Uganda,800,3800.0,1915.0,1885.0,50.4,Africa,2015
Immigrants,Liberia,430,3518.0,1675.0,1843.0,47.6,Africa,2015
Immigrants,Albania,8,3447.0,1775.0,1672.0,51.5,Europe,2015
Immigrants,Estonia,233,3443.0,1450.0,1993.0,42.1,Europe,2015
Immigrants,Lithuania,440,3374.0,1370.0,2004.0,40.6,Europe,2015
Immigrants,State of Palestine,275,3194.0,1801.0,1393.0,56.4,Asia,2015
Immigrants,Seychelles,690,3025.0,1376.0,1649.0,45.5,Africa,2015
Immigrants,Brunei Darussalam,96,2893.0,1392.0,1501.0,48.1,Asia,2015
Immigrants,Libya,434,2797.0,1482.0,1315.0,53,Africa,2015
Immigrants,"China, Macao SAR",446,2781.0,1226.0,1555.0,44.1,Asia,2015
Immigrants,Ecuador,218,2758.0,1357.0,1401.0,49.2,South America,2015
Immigrants,Burundi,108,2385.0,1212.0,1173.0,50.8,Africa,2015
Immigrants,Solomon Islands,90,2295.0,1033.0,1262.0,45,Oceania,2015
Immigrants,Belarus,112,2177.0,884.0,1293.0,40.6,Europe,2015
Immigrants,Morocco,504,2163.0,1198.0,965.0,55.4,Africa,2015
Immigrants,Montenegro,499,2033.0,1021.0,1012.0,50.2,Europe,2015
Immigrants,Kazakhstan,398,1911.0,701.0,1210.0,36.7,Asia,2015
Immigrants,Trinidad and Tobago,780,1905.0,964.0,941.0,50.6,North America,2015
Immigrants,Uzbekistan,860,1838.0,807.0,1031.0,43.9,Asia,2015
Immigrants,Mongolia,496,1782.0,773.0,1009.0,43.4,Asia,2015
Immigrants,Bahrain,48,1734.0,935.0,799.0,53.9,Asia,2015
Immigrants,Congo,178,1606.0,784.0,822.0,48.8,Africa,2015
Immigrants,Algeria,12,1606.0,972.0,634.0,60.5,Africa,2015
Immigrants,Oman,512,1577.0,841.0,736.0,53.3,Asia,2015
Immigrants,New Caledonia,540,1553.0,682.0,871.0,43.9,Oceania,2015
Immigrants,Armenia,51,1463.0,639.0,824.0,43.7,Asia,2015
Immigrants,Namibia,516,1436.0,712.0,724.0,49.6,Africa,2015
Immigrants,Malawi,454,1414.0,696.0,718.0,49.2,Africa,2015
Immigrants,Vanuatu,548,1390.0,705.0,685.0,50.7,Oceania,2015
Immigrants,Botswana,72,1327.0,660.0,667.0,49.7,Africa,2015
Immigrants,Jamaica,388,1279.0,680.0,599.0,53.2,North America,2015
Immigrants,Republic of Moldova,498,1153.0,515.0,638.0,44.7,Europe,2015
Immigrants,Qatar,634,1111.0,605.0,506.0,54.5,Asia,2015
Immigrants,Bolivia,68,1058.0,495.0,563.0,46.8,South America,2015
Immigrants,Mozambique,508,1006.0,488.0,518.0,48.5,Africa,2015
Immigrants,Rwanda,646,981.0,467.0,514.0,47.6,Africa,2015
Immigrants,Guinea,324,933.0,472.0,461.0,50.6,Africa,2015
Immigrants,Cuba,192,882.0,482.0,400.0,54.6,North America,2015
Immigrants,Nicaragua,558,863.0,402.0,461.0,46.6,Central America,2015
Immigrants,Yemen,887,715.0,401.0,314.0,56.1,Asia,2015
Immigrants,Guyana,328,661.0,311.0,350.0,47,South America,2015
Immigrants,Tunisia,788,658.0,384.0,274.0,58.4,Africa,2015
Immigrants,Azerbaijan,31,647.0,271.0,376.0,41.9,Asia,2015
Immigrants,Kiribati,296,645.0,244.0,401.0,37.8,Oceania,2015
Immigrants,Georgia,268,624.0,290.0,334.0,46.5,Asia,2015
Immigrants,Iceland,352,608.0,324.0,284.0,53.3,Europe,2015
Immigrants,Maldives,462,599.0,277.0,322.0,46.2,Asia,2015
Immigrants,Côte d'Ivoire,384,595.0,306.0,289.0,51.4,Africa,2015
Immigrants,Angola,24,560.0,292.0,268.0,52.1,Africa,2015
Immigrants,Guatemala,320,536.0,250.0,286.0,46.6,Central America,2015
Immigrants,French Polynesia,258,535.0,234.0,301.0,43.7,Oceania,2015
Immigrants,Costa Rica,188,505.0,255.0,250.0,50.5,Central America,2015
Immigrants,Paraguay,600,499.0,227.0,272.0,45.5,South America,2015
Immigrants,Kyrgyzstan,417,492.0,180.0,312.0,36.6,Asia,2015
Immigrants,Barbados,52,450.0,240.0,210.0,53.3,North America,2015
Immigrants,Cameroon,120,450.0,264.0,186.0,58.7,Africa,2015
Immigrants,Senegal,686,437.0,272.0,165.0,62.2,Africa,2015
Immigrants,Swaziland,748,385.0,180.0,205.0,46.8,Africa,2015
Immigrants,Togo,768,370.0,191.0,179.0,51.6,Africa,2015
Immigrants,Honduras,340,315.0,147.0,168.0,46.7,Central America,2015
Immigrants,Bahamas,44,308.0,140.0,168.0,45.5,North America,2015
Immigrants,Madagascar,450,295.0,114.0,181.0,38.6,Africa,2015
Immigrants,Panama,591,255.0,131.0,124.0,51.4,Central America,2015
Immigrants,Luxembourg,442,252.0,112.0,140.0,44.4,Europe,2015
Immigrants,Réunion,638,222.0,100.0,122.0,45,Africa,2015
Immigrants,Dominican Republic,214,208.0,83.0,125.0,39.9,North America,2015
Immigrants,Djibouti,262,190.0,98.0,92.0,51.6,Africa,2015
Immigrants,Puerto Rico,630,172.0,92.0,80.0,53.5,North America,2015
Immigrants,Suriname,740,165.0,67.0,98.0,40.6,South America,2015
Immigrants,Tajikistan,762,158.0,57.0,101.0,36.1,Asia,2015
Immigrants,Lesotho,426,150.0,80.0,70.0,53.3,Africa,2015
Immigrants,Curaçao,531,148.0,66.0,82.0,44.6,America,2015
Immigrants,Grenada,308,140.0,70.0,70.0,50,North America,2015
Immigrants,Gambia,270,128.0,72.0,56.0,56.2,Africa,2015
Immigrants,Haiti,332,120.0,60.0,60.0,50,North America,2015
Immigrants,Guam,316,120.0,62.0,58.0,51.7,Oceania,2015
Immigrants,Benin,204,105.0,75.0,30.0,71.4,Africa,2015
Immigrants,Turkmenistan,795,102.0,30.0,72.0,29.4,Asia,2015
Immigrants,Monaco,492,82.0,40.0,42.0,48.8,Europe,2015
Immigrants,Belize,84,80.0,35.0,45.0,43.8,Central America,2015
Immigrants,Mali,466,80.0,48.0,32.0,60,Africa,2015
Immigrants,Saint Lucia,662,70.0,40.0,30.0,57.1,North America,2015
Immigrants,Saint Vincent and the Grenadines,670,70.0,40.0,30.0,57.1,North America,2015
Immigrants,Aruba,533,68.0,28.0,40.0,41.2,North America,2015
Immigrants,Chad,148,68.0,43.0,25.0,63.2,Africa,2015
Immigrants,Antigua and Barbuda,28,58.0,23.0,35.0,39.7,North America,2015
Immigrants,Burkina Faso,854,58.0,36.0,22.0,62.1,Africa,2015
Immigrants,Gabon,266,47.0,27.0,20.0,57.4,Africa,2015
Immigrants,Central African Republic,140,33.0,21.0,12.0,63.6,Africa,2015
Emigrants,United Kingdom,826,125672.0,61705.0,63967.0,49.1,Europe,2015
Emigrants,New Zealand,554,68984.0,32353.0,36631.0,46.9,Australia,2015
Emigrants,Japan,392,34359.0,20684.0,13675.0,60.2,Asia,2015
Emigrants,Canada,124,30029.0,15705.0,14324.0,52.3,North America,2015
Emigrants,Greece,300,20182.0,8698.0,11484.0,43.1,Europe,2015
Emigrants,Italy,380,18983.0,8353.0,10630.0,44,Europe,2015
Emigrants,Singapore,702,14060.0,7410.0,6650.0,52.7,Asia,2015
Emigrants,China,156,13046.0,7267.0,5779.0,55.7,Asia,2015
Emigrants,Papua New Guinea,598,9183.0,6226.0,2957.0,67.8,Oceania,2015
Emigrants,"China, Hong Kong SAR",344,9098.0,4704.0,4394.0,51.7,Asia,2015
Emigrants,Ireland,372,6602.0,3314.0,3288.0,50.2,Europe,2015
Emigrants,Malta,470,6006.0,3051.0,2955.0,50.8,Europe,2015
Emigrants,Israel,376,3480.0,1740.0,1740.0,50,Asia,2015
Emigrants,Denmark,208,3006.0,1593.0,1413.0,53,Europe,2015
Emigrants,Cyprus,196,2870.0,1395.0,1475.0,48.6,Asia,2015
Emigrants,South Africa,710,2667.0,1355.0,1312.0,50.8,Africa,2015
Emigrants,Indonesia,360,2563.0,1369.0,1194.0,53.4,Asia,2015
Emigrants,Malaysia,458,2432.0,1342.0,1090.0,55.2,Asia,2015
Emigrants,Philippines,608,2407.0,1721.0,686.0,71.5,Asia,2015
Emigrants,Norway,578,2206.0,1346.0,860.0,61,Europe,2015
Emigrants,India,356,1986.0,1027.0,959.0,51.7,Asia,2015
Emigrants,Fiji,242,1887.0,1019.0,868.0,54,Oceania,2015
Emigrants,Croatia,191,1595.0,754.0,841.0,47.3,Europe,2015
Emigrants,Chile,152,1236.0,641.0,595.0,51.9,South America,2015
Emigrants,Portugal,620,1202.0,523.0,679.0,43.5,Europe,2015
Emigrants,Poland,616,1153.0,664.0,489.0,57.6,Europe,2015
Emigrants,Finland,246,1035.0,635.0,400.0,61.4,Europe,2015
Emigrants,Hungary,348,906.0,466.0,440.0,51.4,Europe,2015
Emigrants,Argentina,32,892.0,409.0,483.0,45.9,South America,2015
Emigrants,Taiwan,158,786.0,549.0,237.0,69.8,Asia,2015
Emigrants,Libya,434,746.0,521.0,225.0,69.8,Africa,2015
Emigrants,Serbia,688,683.0,333.0,350.0,48.8,Europe,2015
Emigrants,Brazil,76,660.0,585.0,75.0,88.6,South America,2015
Emigrants,Vanuatu,548,651.0,324.0,327.0,49.8,Oceania,2015
Emigrants,Timor-Leste,626,562.0,349.0,213.0,62.1,Asia,2015
Emigrants,Namibia,516,524.0,204.0,320.0,38.9,Africa,2015
Emigrants,Brunei Darussalam,96,515.0,283.0,232.0,55,Asia,2015
Emigrants,Mexico,484,479.0,257.0,222.0,53.7,North America,2015
Emigrants,Sri Lanka,144,469.0,226.0,243.0,48.2,Asia,2015
Emigrants,Peru,604,442.0,247.0,195.0,55.9,South America,2015
Emigrants,Colombia,170,438.0,238.0,200.0,54.3,South America,2015
Emigrants,Botswana,72,367.0,177.0,190.0,48.2,Africa,2015
Emigrants,Slovenia,705,363.0,201.0,162.0,55.4,Europe,2015
Emigrants,Slovakia,703,288.0,158.0,130.0,54.9,Europe,2015
Emigrants,Samoa,882,287.0,160.0,127.0,55.7,Oceania,2015
Emigrants,Solomon Islands,90,279.0,157.0,122.0,56.3,Oceania,2015
Emigrants,Panama,591,279.0,194.0,85.0,69.5,Central America,2015
Emigrants,New Caledonia,540,258.0,98.0,160.0,38,Oceania,2015
Emigrants,Mongolia,496,233.0,131.0,102.0,56.2,Asia,2015
Emigrants,Zambia,894,232.0,119.0,113.0,51.3,Africa,2015
Emigrants,Bolivia,68,229.0,126.0,103.0,55,South America,2015
Emigrants,Ecuador,218,206.0,112.0,94.0,54.4,South America,2015
Emigrants,Laos,418,205.0,144.0,61.0,70.2,Asia,2015
Emigrants,Dem. People's Republic of Korea,408,202.0,109.0,93.0,54,Asia,2015
Emigrants,Bulgaria,100,200.0,110.0,90.0,55,Europe,2015
Emigrants,Uganda,800,180.0,83.0,97.0,46.1,Africa,2015
Emigrants,Venezuela,862,148.0,76.0,72.0,51.4,South America,2015
Emigrants,Montenegro,499,137.0,45.0,92.0,32.8,Europe,2015
Emigrants,Iceland,352,121.0,60.0,61.0,49.6,Europe,2015
Emigrants,Cambodia,116,116.0,77.0,39.0,66.4,Asia,2015
Emigrants,Azerbaijan,31,114.0,53.0,61.0,46.5,Asia,2015
Emigrants,Estonia,233,98.0,75.0,23.0,76.5,Europe,2015
Emigrants,Latvia,428,83.0,59.0,24.0,71.1,Europe,2015
Emigrants,Bahamas,44,83.0,42.0,41.0,50.6,North America,2015
Emigrants,Kiribati,296,82.0,46.0,36.0,56.1,Oceania,2015
Emigrants,Maldives,462,78.0,69.0,9.0,88.5,Asia,2015
Emigrants,Luxembourg,442,76.0,42.0,34.0,55.3,Europe,2015
Emigrants,French Polynesia,258,70.0,34.0,36.0,48.6,Oceania,2015
Emigrants,Guatemala,320,67.0,41.0,26.0,61.2,Central America,2015
Emigrants,Costa Rica,188,67.0,34.0,33.0,50.7,Central America,2015
Emigrants,Swaziland,748,55.0,32.0,23.0,58.2,Africa,2015
Emigrants,Seychelles,690,51.0,27.0,24.0,52.9,Africa,2015
Emigrants,Lithuania,440,41.0,32.0,9.0,78,Europe,2015
Emigrants,Dominican Republic,214,40.0,28.0,12.0,70,North America,2015
Emigrants,Ghana,288,33.0,14.0,19.0,42.4,Africa,2015
Emigrants,Belarus,112,28.0,12.0,16.0,42.9,Europe,2015
Emigrants,El Salvador,222,27.0,10.0,17.0,37,Central America,2015
Emigrants,Bhutan,64,27.0,22.0,5.0,81.5,Asia,2015
Emigrants,Barbados,52,24.0,12.0,12.0,50,North America,2015
Emigrants,Saint Lucia,662,12.0,4.0,8.0,33.3,North America,2015
Emigrants,Guinea,324,10.0,7.0,3.0,70,Africa,2015
Emigrants,Central African Republic,140,10.0,5.0,5.0,50,Africa,2015
Emigrants,Antigua and Barbuda,28,7.0,4.0,3.0,57.1,North America,2015
Immigrants,United Kingdom,826,1171185.0,596133.0,575052.0,50.9,Europe,2020
Immigrants,India,356,707980.0,383725.0,324255.0,54.2,Asia,2020
Immigrants,China,156,632690.0,281547.0,351143.0,44.5,Asia,2020
Immigrants,New Zealand,554,583769.0,296555.0,287214.0,50.8,Australia,2020
Immigrants,Philippines,608,305063.0,119280.0,185783.0,39.1,Asia,2020
Immigrants,Viet Nam,704,273771.0,120459.0,153312.0,44,Asia,2020
Immigrants,South Africa,710,199994.0,99397.0,100597.0,49.7,Africa,2020
Immigrants,Malaysia,458,177343.0,83529.0,93814.0,47.1,Asia,2020
Immigrants,Italy,380,174147.0,88989.0,85158.0,51.1,Europe,2020
Immigrants,Sri Lanka,144,140771.0,73482.0,67289.0,52.2,Asia,2020
Immigrants,Nepal,524,128651.0,69986.0,58665.0,54.4,Asia,2020
Immigrants,United States of America,840,112841.0,53148.0,59693.0,47.1,North America,2020
Immigrants,Republic of Korea,410,111668.0,51367.0,60301.0,46,Asia,2020
Immigrants,Germany,276,109881.0,51314.0,58567.0,46.7,Europe,2020
Immigrants,"China, Hong Kong SAR",344,103398.0,49528.0,53870.0,47.9,Asia,2020
Immigrants,Greece,300,103086.0,49069.0,54017.0,47.6,Europe,2020
Immigrants,Iraq,368,99643.0,51017.0,48626.0,51.2,Asia,2020
Immigrants,Pakistan,586,95549.0,57425.0,38124.0,60.1,Asia,2020
Immigrants,Lebanon,422,95153.0,49670.0,45483.0,52.2,Asia,2020
Immigrants,Indonesia,360,93414.0,39421.0,53993.0,42.2,Asia,2020
Immigrants,Thailand,764,88230.0,26645.0,61585.0,30.2,Asia,2020
Immigrants,Ireland,372,87726.0,46758.0,40968.0,53.3,Europe,2020
Immigrants,Fiji,242,76355.0,35887.0,40468.0,47,Oceania,2020
Immigrants,Iran,364,76276.0,40884.0,35392.0,53.6,Asia,2020
Immigrants,Netherlands,528,72244.0,36266.0,35978.0,50.2,Europe,2020
Immigrants,Singapore,702,64938.0,28638.0,36300.0,44.1,Asia,2020
Immigrants,Afghanistan,4,62531.0,36331.0,26200.0,58.1,Asia,2020
Immigrants,Canada,124,56241.0,25308.0,30933.0,45,North America,2020
Immigrants,Taiwan,158,55039.0,22786.0,32253.0,41.4,Asia,2020
Immigrants,Bangladesh,50,55031.0,29882.0,25149.0,54.3,Asia,2020
Immigrants,Croatia,191,54563.0,26845.0,27718.0,49.2,Europe,2020
Immigrants,Brazil,76,52702.0,24928.0,27774.0,47.3,South America,2020
Immigrants,TFYR Macedonia,807,51159.0,25324.0,25835.0,49.5,Europe,2020
Immigrants,Poland,616,50819.0,21751.0,29068.0,42.8,Europe,2020
Immigrants,Japan,392,48694.0,14657.0,34037.0,30.1,Asia,2020
Immigrants,Egypt,818,47278.0,24679.0,22599.0,52.2,Africa,2020
Immigrants,Zimbabwe,716,44036.0,21754.0,22282.0,49.4,Africa,2020
Immigrants,Turkey,792,42286.0,22031.0,20255.0,52.1,Asia,2020
Immigrants,Cambodia,116,41140.0,18307.0,22833.0,44.5,Asia,2020
Immigrants,Myanmar,104,41133.0,20772.0,20361.0,50.5,Asia,2020
Immigrants,France,250,40124.0,20664.0,19460.0,51.5,Europe,2020
Immigrants,Malta,470,39249.0,19703.0,19546.0,50.2,Europe,2020
Immigrants,Colombia,170,39104.0,18457.0,20647.0,47.2,South America,2020
Immigrants,Papua New Guinea,598,33732.0,15078.0,18654.0,44.7,Oceania,2020
Immigrants,Samoa,882,33647.0,17025.0,16622.0,50.6,Oceania,2020
Immigrants,Chile,152,33595.0,16294.0,17301.0,48.5,South America,2020
Immigrants,Bosnia and Herzegovina,70,32994.0,16167.0,16827.0,49,Europe,2020
Immigrants,Serbia,688,31787.0,15448.0,16339.0,48.6,Europe,2020
Immigrants,Syrian Arab Republic,760,31180.0,15465.0,15715.0,49.6,Asia,2020
Immigrants,Mauritius,480,29308.0,14332.0,14976.0,48.9,Africa,2020
Immigrants,Russian Federation,643,28593.0,10722.0,17871.0,37.5,Europe,2020
Immigrants,Kenya,404,24960.0,11906.0,13054.0,47.7,Africa,2020
Immigrants,Argentina,32,20027.0,9693.0,10334.0,48.4,South America,2020
Immigrants,Spain,724,19333.0,9415.0,9918.0,48.7,Europe,2020
Immigrants,Hungary,348,18673.0,8926.0,9747.0,47.8,Europe,2020
Immigrants,Portugal,620,18631.0,9483.0,9148.0,50.9,Europe,2020
Immigrants,Sudan,729,18588.0,9461.0,9127.0,50.9,Africa,2020
Immigrants,Cyprus,196,18425.0,8918.0,9507.0,48.4,Asia,2020
Immigrants,Ukraine,804,17109.0,6998.0,10111.0,40.9,Europe,2020
Immigrants,Romania,642,16766.0,7897.0,8869.0,47.1,Europe,2020
Immigrants,Austria,40,15703.0,8087.0,7616.0,51.5,Europe,2020
Immigrants,Ethiopia,231,15644.0,7572.0,8072.0,48.4,Africa,2020
Immigrants,Tonga,776,15295.0,8596.0,6699.0,56.2,Oceania,2020
Immigrants,Saudi Arabia,682,14974.0,8146.0,6828.0,54.4,Asia,2020
Immigrants,Nigeria,566,14133.0,8211.0,5922.0,58.1,Africa,2020
Immigrants,Switzerland,756,13924.0,7185.0,6739.0,51.6,Europe,2020
Immigrants,United Arab Emirates,784,13588.0,7147.0,6441.0,52.6,Asia,2020
Immigrants,Peru,604,12802.0,5454.0,7348.0,42.6,South America,2020
Immigrants,Bhutan,64,12424.0,6125.0,6299.0,49.3,Asia,2020
Immigrants,Israel,376,12151.0,6756.0,5395.0,55.6,Asia,2020
Immigrants,Czech Republic,203,11756.0,5361.0,6395.0,45.6,Europe,2020
Immigrants,Sweden,752,11728.0,4773.0,6955.0,40.7,Europe,2020
Immigrants,Laos,418,11680.0,5314.0,6366.0,45.5,Asia,2020
Immigrants,El Salvador,222,11260.0,5382.0,5878.0,47.8,Central America,2020
Immigrants,Uruguay,858,10470.0,4963.0,5507.0,47.4,South America,2020
Immigrants,Timor-Leste,626,10247.0,5236.0,5011.0,51.1,Asia,2020
Immigrants,Denmark,208,9646.0,4891.0,4755.0,50.7,Europe,2020
Immigrants,Somalia,706,9268.0,4458.0,4810.0,48.1,Africa,2020
Immigrants,South Sudan,728,9004.0,4682.0,4322.0,52,Africa,2020
Immigrants,Finland,246,8576.0,3319.0,5257.0,38.7,Europe,2020
Immigrants,Jordan,400,8544.0,4691.0,3853.0,54.9,Asia,2020
Immigrants,Belgium,56,7823.0,3912.0,3911.0,50,Europe,2020
Immigrants,Mexico,484,7647.0,3571.0,4076.0,46.7,North America,2020
Immigrants,Zambia,894,7609.0,3736.0,3873.0,49.1,Africa,2020
Immigrants,Kuwait,414,7381.0,4185.0,3196.0,56.7,Asia,2020
Immigrants,Venezuela,862,7349.0,3557.0,3792.0,48.4,South America,2020
Immigrants,Ghana,288,7169.0,3957.0,3212.0,55.2,Africa,2020
Immigrants,Slovakia,703,6999.0,3143.0,3856.0,44.9,Europe,2020
Immigrants,D.R. Congo,180,6895.0,3482.0,3413.0,50.5,Africa,2020
Immigrants,Slovenia,705,6627.0,3174.0,3453.0,47.9,Europe,2020
Immigrants,Mongolia,496,6319.0,3039.0,3280.0,48.1,Asia,2020
Immigrants,Eritrea,232,6230.0,3053.0,3177.0,49,Africa,2020
Immigrants,Tanzania,834,4885.0,2545.0,2340.0,52.1,Africa,2020
Immigrants,Uganda,800,4582.0,2236.0,2346.0,48.8,Africa,2020
Immigrants,Bulgaria,100,4108.0,1832.0,2276.0,44.6,Europe,2020
Immigrants,Norway,578,4100.0,1833.0,2267.0,44.7,Europe,2020
Immigrants,Sierra Leone,694,4094.0,2047.0,2047.0,50,Africa,2020
Immigrants,Latvia,428,3990.0,1528.0,2462.0,38.3,Europe,2020
Immigrants,Albania,8,3973.0,2026.0,1947.0,51,Europe,2020
Immigrants,Vanuatu,548,3750.0,2524.0,1226.0,67.3,Oceania,2020
Immigrants,Liberia,430,3579.0,1689.0,1890.0,47.2,Africa,2020
Immigrants,Estonia,233,3553.0,1460.0,2093.0,41.1,Europe,2020
Immigrants,Lithuania,440,3339.0,1279.0,2060.0,38.3,Europe,2020
Immigrants,State of Palestine,275,3230.0,1802.0,1428.0,55.8,Asia,2020
Immigrants,Brunei Darussalam,96,3159.0,1504.0,1655.0,47.6,Asia,2020
Immigrants,Burundi,108,3037.0,1518.0,1519.0,50,Africa,2020
Immigrants,"China, Macao SAR",446,2961.0,1324.0,1637.0,44.7,Asia,2020
Immigrants,Solomon Islands,90,2886.0,1359.0,1527.0,47.1,Oceania,2020
Immigrants,Libya,434,2881.0,1524.0,1357.0,52.9,Africa,2020
Immigrants,Ecuador,218,2836.0,1341.0,1495.0,47.3,South America,2020
Immigrants,Seychelles,690,2831.0,1280.0,1551.0,45.2,Africa,2020
Immigrants,Morocco,504,2603.0,1367.0,1236.0,52.5,Africa,2020
Immigrants,Belarus,112,2479.0,959.0,1520.0,38.7,Europe,2020
Immigrants,Kazakhstan,398,2438.0,870.0,1568.0,35.7,Asia,2020
Immigrants,Congo,178,2324.0,1092.0,1232.0,47,Africa,2020
Immigrants,Uzbekistan,860,2292.0,1034.0,1258.0,45.1,Asia,2020
Immigrants,Bahrain,48,2135.0,1138.0,997.0,53.3,Asia,2020
Immigrants,Qatar,634,1993.0,1064.0,929.0,53.4,Asia,2020
Immigrants,Oman,512,1877.0,989.0,888.0,52.7,Asia,2020
Immigrants,Montenegro,499,1876.0,900.0,976.0,48,Europe,2020
Immigrants,Trinidad and Tobago,780,1850.0,899.0,951.0,48.6,North America,2020
Immigrants,Malawi,454,1692.0,838.0,854.0,49.5,Africa,2020
Immigrants,Namibia,516,1687.0,823.0,864.0,48.8,Africa,2020
Immigrants,Algeria,12,1684.0,978.0,706.0,58.1,Africa,2020
Immigrants,Botswana,72,1599.0,777.0,822.0,48.6,Africa,2020
Immigrants,New Caledonia,540,1536.0,693.0,843.0,45.1,Oceania,2020
Immigrants,Armenia,51,1443.0,620.0,823.0,43,Asia,2020
Immigrants,Republic of Moldova,498,1360.0,570.0,790.0,41.9,Europe,2020
Immigrants,Jamaica,388,1317.0,682.0,635.0,51.8,North America,2020
Immigrants,Rwanda,646,1183.0,543.0,640.0,45.9,Africa,2020
Immigrants,Bolivia,68,1125.0,512.0,613.0,45.5,South America,2020
Immigrants,Mozambique,508,1055.0,506.0,549.0,48,Africa,2020
Immigrants,Guinea,324,1050.0,495.0,555.0,47.1,Africa,2020
Immigrants,Yemen,887,1011.0,587.0,424.0,58.1,Asia,2020
Immigrants,Cuba,192,972.0,528.0,444.0,54.3,North America,2020
Immigrants,Kiribati,296,903.0,367.0,536.0,40.6,Oceania,2020
Immigrants,Nicaragua,558,895.0,424.0,471.0,47.4,Central America,2020
Immigrants,Georgia,268,763.0,355.0,408.0,46.5,Asia,2020
Immigrants,Tunisia,788,762.0,412.0,350.0,54.1,Africa,2020
Immigrants,Azerbaijan,31,745.0,320.0,425.0,43,Asia,2020
Immigrants,Côte d'Ivoire,384,657.0,337.0,320.0,51.3,Africa,2020
Immigrants,Guatemala,320,640.0,303.0,337.0,47.3,Central America,2020
Immigrants,Kyrgyzstan,417,638.0,225.0,413.0,35.3,Asia,2020
Immigrants,Maldives,462,636.0,293.0,343.0,46.1,Asia,2020
Immigrants,Guyana,328,618.0,301.0,317.0,48.7,South America,2020
Immigrants,Costa Rica,188,616.0,298.0,318.0,48.4,Central America,2020
Immigrants,Cameroon,120,581.0,334.0,247.0,57.5,Africa,2020
Immigrants,Paraguay,600,572.0,247.0,325.0,43.2,South America,2020
Immigrants,Angola,24,570.0,302.0,268.0,53,Africa,2020
Immigrants,French Polynesia,258,543.0,235.0,308.0,43.3,Oceania,2020
Immigrants,Senegal,686,467.0,259.0,208.0,55.5,Africa,2020
Immigrants,Iceland,352,462.0,243.0,219.0,52.6,Europe,2020
Immigrants,Barbados,52,430.0,239.0,191.0,55.6,North America,2020
Immigrants,Honduras,340,385.0,187.0,198.0,48.6,Central America,2020
Immigrants,Swaziland,748,370.0,170.0,200.0,45.9,Africa,2020
Immigrants,Madagascar,450,353.0,140.0,213.0,39.7,Africa,2020
Immigrants,Togo,768,347.0,167.0,180.0,48.1,Africa,2020
Immigrants,Panama,591,314.0,133.0,181.0,42.4,Central America,2020
Immigrants,Luxembourg,442,308.0,150.0,158.0,48.7,Europe,2020
Immigrants,Bahamas,44,307.0,142.0,165.0,46.3,North America,2020
Immigrants,Dominican Republic,214,260.0,94.0,166.0,36.2,North America,2020
Immigrants,Puerto Rico,630,220.0,112.0,108.0,50.9,North America,2020
Immigrants,Réunion,638,218.0,98.0,120.0,45,Africa,2020
Immigrants,Tajikistan,762,208.0,80.0,128.0,38.5,Asia,2020
Immigrants,Djibouti,262,200.0,100.0,100.0,50,Africa,2020
Immigrants,Suriname,740,160.0,62.0,98.0,38.8,South America,2020
Immigrants,Lesotho,426,150.0,70.0,80.0,46.7,Africa,2020
Immigrants,Grenada,308,150.0,78.0,72.0,52,North America,2020
Immigrants,Curaçao,531,150.0,62.0,88.0,41.3,America,2020
Immigrants,Central African Republic,140,141.0,74.0,67.0,52.5,Africa,2020
Immigrants,Turkmenistan,795,135.0,40.0,95.0,29.6,Asia,2020
Immigrants,Gambia,270,130.0,82.0,48.0,63.1,Africa,2020
Immigrants,Guam,316,130.0,70.0,60.0,53.8,Oceania,2020
Immigrants,Haiti,332,128.0,68.0,60.0,53.1,North America,2020
Immigrants,Benin,204,98.0,60.0,38.0,61.2,Africa,2020
Immigrants,Chad,148,94.0,51.0,43.0,54.3,Africa,2020
Immigrants,Monaco,492,88.0,40.0,48.0,45.5,Europe,2020
Immigrants,Belize,84,80.0,30.0,50.0,37.5,Central America,2020
Immigrants,Aruba,533,72.0,21.0,51.0,29.2,North America,2020
Immigrants,Saint Lucia,662,70.0,30.0,40.0,42.9,North America,2020
Immigrants,Saint Vincent and the Grenadines,670,68.0,46.0,22.0,67.6,North America,2020
Immigrants,Antigua and Barbuda,28,60.0,30.0,30.0,50,North America,2020
Immigrants,Burkina Faso,854,58.0,28.0,30.0,48.3,Africa,2020
Immigrants,Mali,466,57.0,27.0,30.0,47.4,Africa,2020
Immigrants,Gabon,266,50.0,28.0,22.0,56,Africa,2020
Emigrants,United Kingdom,826,124920.0,64459.0,60461.0,51.6,Europe,2020
Emigrants,New Zealand,554,80634.0,38140.0,42494.0,47.3,Australia,2020
Emigrants,Japan,392,30721.0,19784.0,10937.0,64.4,Asia,2020
Emigrants,Canada,124,26000.0,13572.0,12428.0,52.2,North America,2020
Emigrants,Greece,300,20630.0,9655.0,10975.0,46.8,Europe,2020
Emigrants,Italy,380,19237.0,8503.0,10734.0,44.2,Europe,2020
Emigrants,Singapore,702,15131.0,8004.0,7127.0,52.9,Asia,2020
Emigrants,Malta,470,13091.0,7174.0,5917.0,54.8,Europe,2020
Emigrants,China,156,12610.0,6393.0,6217.0,50.7,Asia,2020
Emigrants,"China, Hong Kong SAR",344,9486.0,4743.0,4743.0,50,Asia,2020
Emigrants,Papua New Guinea,598,9219.0,6269.0,2950.0,68,Oceania,2020
Emigrants,Ireland,372,8883.0,4468.0,4415.0,50.3,Europe,2020
Emigrants,Israel,376,3752.0,1921.0,1831.0,51.2,Asia,2020
Emigrants,Denmark,208,3430.0,1859.0,1571.0,54.2,Europe,2020
Emigrants,Cyprus,196,2961.0,1448.0,1513.0,48.9,Asia,2020
Emigrants,South Africa,710,2666.0,1325.0,1341.0,49.7,Africa,2020
Emigrants,Norway,578,2457.0,1499.0,958.0,61,Europe,2020
Emigrants,Malaysia,458,2432.0,1345.0,1087.0,55.3,Asia,2020
Emigrants,Fiji,242,1941.0,1042.0,899.0,53.7,Oceania,2020
Emigrants,India,356,1852.0,974.0,878.0,52.6,Asia,2020
Emigrants,Poland,616,1764.0,923.0,841.0,52.3,Europe,2020
Emigrants,Croatia,191,1499.0,711.0,788.0,47.4,Europe,2020
Emigrants,Philippines,608,1489.0,1315.0,174.0,88.3,Asia,2020
Emigrants,Indonesia,360,1466.0,780.0,686.0,53.2,Asia,2020
Emigrants,Portugal,620,1377.0,622.0,755.0,45.2,Europe,2020
Emigrants,Chile,152,1333.0,694.0,639.0,52.1,South America,2020
Emigrants,Hungary,348,1246.0,680.0,566.0,54.6,Europe,2020
Emigrants,Finland,246,1245.0,787.0,458.0,63.2,Europe,2020
Emigrants,Egypt,818,1166.0,807.0,359.0,69.2,Africa,2020
Emigrants,Serbia,688,928.0,470.0,458.0,50.6,Europe,2020
Emigrants,Taiwan,158,919.0,622.0,297.0,67.7,Asia,2020
Emigrants,Libya,434,797.0,564.0,233.0,70.8,Africa,2020
Emigrants,Brazil,76,731.0,658.0,73.0,90,South America,2020
Emigrants,Argentina,32,666.0,293.0,373.0,44,South America,2020
Emigrants,Vanuatu,548,665.0,331.0,334.0,49.8,Oceania,2020
Emigrants,Colombia,170,629.0,385.0,244.0,61.2,South America,2020
Emigrants,Namibia,516,560.0,220.0,340.0,39.3,Africa,2020
Emigrants,Brunei Darussalam,96,559.0,308.0,251.0,55.1,Asia,2020
Emigrants,Timor-Leste,626,553.0,344.0,209.0,62.2,Asia,2020
Emigrants,Mexico,484,528.0,299.0,229.0,56.6,North America,2020
Emigrants,Sri Lanka,144,474.0,232.0,242.0,48.9,Asia,2020
Emigrants,Slovakia,703,419.0,224.0,195.0,53.5,Europe,2020
Emigrants,Peru,604,404.0,226.0,178.0,55.9,South America,2020
Emigrants,Botswana,72,391.0,190.0,201.0,48.6,Africa,2020
Emigrants,Slovenia,705,372.0,206.0,166.0,55.4,Europe,2020
Emigrants,Panama,591,335.0,237.0,98.0,70.7,Central America,2020
Emigrants,Zambia,894,323.0,170.0,153.0,52.6,Africa,2020
Emigrants,Bulgaria,100,295.0,164.0,131.0,55.6,Europe,2020
Emigrants,Luxembourg,442,287.0,138.0,149.0,48.1,Europe,2020
Emigrants,New Caledonia,540,272.0,102.0,170.0,37.5,Oceania,2020
Emigrants,Solomon Islands,90,271.0,153.0,118.0,56.5,Oceania,2020
Emigrants,Samoa,882,270.0,151.0,119.0,55.9,Oceania,2020
Emigrants,Bolivia,68,253.0,140.0,113.0,55.3,South America,2020
Emigrants,Mongolia,496,248.0,140.0,108.0,56.5,Asia,2020
Emigrants,Estonia,233,221.0,150.0,71.0,67.9,Europe,2020
Emigrants,Laos,418,218.0,155.0,63.0,71.1,Asia,2020
Emigrants,Dem. People's Republic of Korea,408,204.0,111.0,93.0,54.4,Asia,2020
Emigrants,Uganda,800,197.0,92.0,105.0,46.7,Africa,2020
Emigrants,Iceland,352,172.0,92.0,80.0,53.5,Europe,2020
Emigrants,Ecuador,218,149.0,80.0,69.0,53.7,South America,2020
Emigrants,Venezuela,862,137.0,70.0,67.0,51.1,South America,2020
Emigrants,Montenegro,499,136.0,46.0,90.0,33.8,Europe,2020
Emigrants,Cambodia,116,123.0,83.0,40.0,67.5,Asia,2020
Emigrants,Latvia,428,111.0,77.0,34.0,69.4,Europe,2020
Emigrants,Azerbaijan,31,101.0,47.0,54.0,46.5,Asia,2020
Emigrants,Bahamas,44,88.0,46.0,42.0,52.3,North America,2020
Emigrants,Kiribati,296,86.0,49.0,37.0,57,Oceania,2020
Emigrants,Maldives,462,84.0,76.0,8.0,90.5,Asia,2020
Emigrants,Costa Rica,188,79.0,41.0,38.0,51.9,Central America,2020
Emigrants,Guatemala,320,74.0,47.0,27.0,63.5,Central America,2020
Emigrants,French Polynesia,258,70.0,34.0,36.0,48.6,Oceania,2020
Emigrants,Lithuania,440,57.0,48.0,9.0,84.2,Europe,2020
Emigrants,Swaziland,748,54.0,32.0,22.0,59.3,Africa,2020
Emigrants,Seychelles,690,50.0,27.0,23.0,54,Africa,2020
Emigrants,Dominican Republic,214,41.0,28.0,13.0,68.3,North America,2020
Emigrants,Ghana,288,37.0,17.0,20.0,45.9,Africa,2020
Emigrants,Bhutan,64,27.0,23.0,4.0,85.2,Asia,2020
Emigrants,El Salvador,222,27.0,10.0,17.0,37,Central America,2020
Emigrants,Belarus,112,26.0,12.0,14.0,46.2,Europe,2020
Emigrants,Barbados,52,23.0,12.0,11.0,52.2,North America,2020
Emigrants,Saint Lucia,662,10.0,4.0,6.0,40,North America,2020
Emigrants,Central African Republic,140,10.0,6.0,4.0,60,Africa,2020
Emigrants,Guinea,324,8.0,7.0,1.0,87.5,Africa,2020
Emigrants,Antigua and Barbuda,28,6.0,4.0,2.0,66.7,North America,2020
Immigrants,United Kingdom,826,1107102.0,562408.0,544694.0,50.8,Europe,2024
Immigrants,India,356,876074.0,475708.0,400366.0,54.3,Asia,2024
Immigrants,China,156,656264.0,285475.0,370789.0,43.5,Asia,2024
Immigrants,New Zealand,554,588088.0,298749.0,289339.0,50.8,Australia,2024
Immigrants,Philippines,608,356833.0,143804.0,213029.0,40.3,Asia,2024
Immigrants,Viet Nam,704,294435.0,126607.0,167828.0,43,Asia,2024
Immigrants,South Africa,710,213447.0,105870.0,107577.0,49.6,Africa,2024
Immigrants,Nepal,524,197472.0,103870.0,93602.0,52.6,Asia,2024
Immigrants,Malaysia,458,181202.0,84803.0,96399.0,46.8,Asia,2024
Immigrants,Sri Lanka,144,156876.0,82046.0,74830.0,52.3,Asia,2024
Immigrants,Italy,380,151684.0,76752.0,74932.0,50.6,Europe,2024
Immigrants,Pakistan,586,127340.0,77550.0,49790.0,60.9,Asia,2024
Immigrants,"China, Hong Kong SAR",344,116517.0,55229.0,61288.0,47.4,Asia,2024
Immigrants,United States of America,840,114202.0,54474.0,59728.0,47.7,North America,2024
Immigrants,Republic of Korea,410,114174.0,52406.0,61768.0,45.9,Asia,2024
Immigrants,Iraq,368,112467.0,56121.0,56346.0,49.9,Asia,2024
Immigrants,Thailand,764,109845.0,32294.0,77551.0,29.4,Asia,2024
Immigrants,Indonesia,360,104566.0,42767.0,61799.0,40.9,Asia,2024
Immigrants,Germany,276,99593.0,46311.0,53282.0,46.5,Europe,2024
Immigrants,Lebanon,422,93967.0,48769.0,45198.0,51.9,Asia,2024
Immigrants,Ireland,372,90203.0,48619.0,41584.0,53.9,Europe,2024
Immigrants,Greece,300,89351.0,42442.0,46909.0,47.5,Europe,2024
Immigrants,Iran,364,88697.0,47187.0,41510.0,53.2,Asia,2024
Immigrants,Fiji,242,83435.0,39214.0,44221.0,47,Oceania,2024
Immigrants,Afghanistan,4,81506.0,47436.0,34070.0,58.2,Asia,2024
Immigrants,Brazil,76,70220.0,33354.0,36866.0,47.5,South America,2024
Immigrants,Singapore,702,68087.0,30571.0,37516.0,44.9,Asia,2024
Immigrants,Bangladesh,50,64969.0,34564.0,30405.0,53.2,Asia,2024
Immigrants,Netherlands,528,63634.0,31626.0,32008.0,49.7,Europe,2024
Immigrants,Taiwan,158,61011.0,24465.0,36546.0,40.1,Asia,2024
Immigrants,Colombia,170,59674.0,28226.0,31448.0,47.3,South America,2024
Immigrants,Canada,124,57190.0,25564.0,31626.0,44.7,North America,2024
Immigrants,Japan,392,53094.0,15557.0,37537.0,29.3,Asia,2024
Immigrants,TFYR Macedonia,807,48723.0,23923.0,24800.0,49.1,Europe,2024
Immigrants,Croatia,191,47534.0,23054.0,24480.0,48.5,Europe,2024
Immigrants,Zimbabwe,716,47195.0,23173.0,24022.0,49.1,Africa,2024
Immigrants,Egypt,818,46879.0,24565.0,22314.0,52.4,Africa,2024
Immigrants,Myanmar,104,46297.0,23287.0,23010.0,50.3,Asia,2024
Immigrants,Poland,616,45945.0,18746.0,27199.0,40.8,Europe,2024
Immigrants,Cambodia,116,43862.0,19168.0,24694.0,43.7,Asia,2024
Immigrants,Turkey,792,42544.0,22165.0,20379.0,52.1,Asia,2024
Immigrants,France,250,40681.0,21113.0,19568.0,51.9,Europe,2024
Immigrants,Samoa,882,38964.0,20105.0,18859.0,51.6,Oceania,2024
Immigrants,Syrian Arab Republic,760,37008.0,18171.0,18837.0,49.1,Asia,2024
Immigrants,Chile,152,35849.0,17279.0,18570.0,48.2,South America,2024
Immigrants,Malta,470,34451.0,17122.0,17329.0,49.7,Europe,2024
Immigrants,Papua New Guinea,598,34316.0,15271.0,19045.0,44.5,Oceania,2024
Immigrants,Russian Federation,643,30312.0,11094.0,19218.0,36.6,Europe,2024
Immigrants,Kenya,404,30123.0,14158.0,15965.0,47,Africa,2024
Immigrants,Bosnia and Herzegovina,70,29317.0,14189.0,15128.0,48.4,Europe,2024
Immigrants,Mauritius,480,28962.0,14249.0,14713.0,49.2,Africa,2024
Immigrants,Serbia,688,28629.0,13685.0,14944.0,47.8,Europe,2024
Immigrants,Bhutan,64,25363.0,12225.0,13138.0,48.2,Asia,2024
Immigrants,Argentina,32,24708.0,11909.0,12799.0,48.2,South America,2024
Immigrants,Ukraine,804,20391.0,7993.0,12398.0,39.2,Europe,2024
Immigrants,Nigeria,566,19524.0,11265.0,8259.0,57.7,Africa,2024
Immigrants,Tonga,776,19464.0,11172.0,8292.0,57.4,Oceania,2024
Immigrants,Spain,724,19279.0,9350.0,9929.0,48.5,Europe,2024
Immigrants,Sudan,729,17709.0,8819.0,8890.0,49.8,Africa,2024
Immigrants,United Arab Emirates,784,17673.0,9208.0,8465.0,52.1,Asia,2024
Immigrants,Portugal,620,17637.0,8907.0,8730.0,50.5,Europe,2024
Immigrants,Ethiopia,231,17141.0,8073.0,9068.0,47.1,Africa,2024
Immigrants,Cyprus,196,16610.0,7956.0,8654.0,47.9,Asia,2024
Immigrants,Hungary,348,16317.0,7653.0,8664.0,46.9,Europe,2024
Immigrants,Romania,642,15735.0,7270.0,8465.0,46.2,Europe,2024
Immigrants,Peru,604,14420.0,6186.0,8234.0,42.9,South America,2024
Immigrants,Saudi Arabia,682,14397.0,7760.0,6637.0,53.9,Asia,2024
Immigrants,Austria,40,13561.0,6930.0,6631.0,51.1,Europe,2024
Immigrants,Switzerland,756,13265.0,6725.0,6540.0,50.7,Europe,2024
Immigrants,Israel,376,11821.0,6620.0,5201.0,56,Asia,2024
Immigrants,Laos,418,11771.0,5273.0,6498.0,44.8,Asia,2024
Immigrants,Timor-Leste,626,11546.0,5912.0,5634.0,51.2,Asia,2024
Immigrants,Sweden,752,11508.0,4442.0,7066.0,38.6,Europe,2024
Immigrants,Mongolia,496,11188.0,5393.0,5795.0,48.2,Asia,2024
Immigrants,El Salvador,222,10898.0,5198.0,5700.0,47.7,Central America,2024
Immigrants,Czech Republic,203,10450.0,4567.0,5883.0,43.7,Europe,2024
Immigrants,Vanuatu,548,10208.0,7237.0,2971.0,70.9,Oceania,2024
Immigrants,Uruguay,858,9951.0,4707.0,5244.0,47.3,South America,2024
Immigrants,South Sudan,728,9693.0,4691.0,5002.0,48.4,Africa,2024
Immigrants,Somalia,706,9578.0,4483.0,5095.0,46.8,Africa,2024
Immigrants,Jordan,400,9469.0,5208.0,4261.0,55,Asia,2024
Immigrants,Mexico,484,9381.0,4447.0,4934.0,47.4,North America,2024
Immigrants,Denmark,208,8927.0,4464.0,4463.0,50,Europe,2024
Immigrants,Venezuela,862,8402.0,4134.0,4268.0,49.2,South America,2024
Immigrants,Ghana,288,8327.0,4497.0,3830.0,54,Africa,2024
Immigrants,Kuwait,414,8304.0,4866.0,3438.0,58.6,Asia,2024
Immigrants,Zambia,894,8060.0,3941.0,4119.0,48.9,Africa,2024
Immigrants,D.R. Congo,180,8028.0,4038.0,3990.0,50.3,Africa,2024
Immigrants,Finland,246,7752.0,2891.0,4861.0,37.3,Europe,2024
Immigrants,Belgium,56,7695.0,3878.0,3817.0,50.4,Europe,2024
Immigrants,Solomon Islands,90,7161.0,4118.0,3043.0,57.5,Oceania,2024
Immigrants,Eritrea,232,6928.0,3325.0,3603.0,48,Africa,2024
Immigrants,Slovakia,703,6753.0,2877.0,3876.0,42.6,Europe,2024
Immigrants,Slovenia,705,5483.0,2599.0,2884.0,47.4,Europe,2024
Immigrants,Uganda,800,5079.0,2423.0,2656.0,47.7,Africa,2024
Immigrants,Tanzania,834,4926.0,2517.0,2409.0,51.1,Africa,2024
Immigrants,Sierra Leone,694,4218.0,2054.0,2164.0,48.7,Africa,2024
Immigrants,Albania,8,4105.0,2011.0,2094.0,49,Europe,2024
Immigrants,Norway,578,3910.0,1607.0,2303.0,41.1,Europe,2024
Immigrants,Bulgaria,100,3874.0,1635.0,2239.0,42.2,Europe,2024
Immigrants,Liberia,430,3630.0,1663.0,1967.0,45.8,Africa,2024
Immigrants,Ecuador,218,3550.0,1686.0,1864.0,47.5,South America,2024
Immigrants,Estonia,233,3498.0,1438.0,2060.0,41.1,Europe,2024
Immigrants,Brunei Darussalam,96,3357.0,1571.0,1786.0,46.8,Asia,2024
Immigrants,Burundi,108,3255.0,1595.0,1660.0,49,Africa,2024
Immigrants,Latvia,428,3247.0,1185.0,2062.0,36.5,Europe,2024
Immigrants,Lithuania,440,3094.0,1101.0,1993.0,35.6,Europe,2024
Immigrants,"China, Macao SAR",446,3081.0,1353.0,1728.0,43.9,Asia,2024
Immigrants,State of Palestine,275,3046.0,1681.0,1365.0,55.2,Asia,2024
Immigrants,Kazakhstan,398,2892.0,1015.0,1877.0,35.1,Asia,2024
Immigrants,Libya,434,2812.0,1479.0,1333.0,52.6,Africa,2024
Immigrants,Morocco,504,2775.0,1407.0,1368.0,50.7,Africa,2024
Immigrants,Qatar,634,2716.0,1412.0,1304.0,52,Asia,2024
Immigrants,Congo,178,2688.0,1193.0,1495.0,44.4,Africa,2024
Immigrants,Seychelles,690,2623.0,1162.0,1461.0,44.3,Africa,2024
Immigrants,Belarus,112,2586.0,980.0,1606.0,37.9,Europe,2024
Immigrants,Uzbekistan,860,2546.0,1087.0,1459.0,42.7,Asia,2024
Immigrants,Bahrain,48,2395.0,1277.0,1118.0,53.3,Asia,2024
Immigrants,Oman,512,1986.0,1037.0,949.0,52.2,Asia,2024
Immigrants,Namibia,516,1890.0,919.0,971.0,48.6,Africa,2024
Immigrants,Malawi,454,1853.0,901.0,952.0,48.6,Africa,2024
Immigrants,Trinidad and Tobago,780,1830.0,900.0,930.0,49.2,North America,2024
Immigrants,Botswana,72,1736.0,814.0,922.0,46.9,Africa,2024
Immigrants,Montenegro,499,1673.0,798.0,875.0,47.7,Europe,2024
Immigrants,Algeria,12,1643.0,946.0,697.0,57.6,Africa,2024
Immigrants,Kiribati,296,1585.0,762.0,823.0,48.1,Oceania,2024
Immigrants,New Caledonia,540,1520.0,689.0,831.0,45.3,Oceania,2024
Immigrants,Republic of Moldova,498,1471.0,613.0,858.0,41.7,Europe,2024
Immigrants,Armenia,51,1462.0,610.0,852.0,41.7,Asia,2024
Immigrants,Rwanda,646,1338.0,603.0,735.0,45.1,Africa,2024
Immigrants,Jamaica,388,1335.0,700.0,635.0,52.4,North America,2024
Immigrants,Bolivia,68,1196.0,539.0,657.0,45.1,South America,2024
Immigrants,Yemen,887,1189.0,669.0,520.0,56.3,Asia,2024
Immigrants,Guinea,324,1175.0,540.0,635.0,46,Africa,2024
Immigrants,Mozambique,508,1037.0,477.0,560.0,46,Africa,2024
Immigrants,Cuba,192,1008.0,561.0,447.0,55.7,North America,2024
Immigrants,Nicaragua,558,877.0,406.0,471.0,46.3,Central America,2024
Immigrants,Georgia,268,865.0,398.0,467.0,46,Asia,2024
Immigrants,Azerbaijan,31,828.0,349.0,479.0,42.1,Asia,2024
Immigrants,Guatemala,320,788.0,368.0,420.0,46.7,Central America,2024
Immigrants,Tunisia,788,788.0,438.0,350.0,55.6,Africa,2024
Immigrants,Kyrgyzstan,417,731.0,247.0,484.0,33.8,Asia,2024
Immigrants,Maldives,462,712.0,333.0,379.0,46.8,Asia,2024
Immigrants,Cameroon,120,695.0,397.0,298.0,57.1,Africa,2024
Immigrants,Côte d'Ivoire,384,682.0,337.0,345.0,49.4,Africa,2024
Immigrants,Costa Rica,188,674.0,320.0,354.0,47.5,Central America,2024
Immigrants,Paraguay,600,635.0,273.0,362.0,43,South America,2024
Immigrants,Guyana,328,568.0,273.0,295.0,48.1,South America,2024
Immigrants,Angola,24,559.0,294.0,265.0,52.6,Africa,2024
Immigrants,French Polynesia,258,521.0,229.0,292.0,44,Oceania,2024
Immigrants,Senegal,686,509.0,292.0,217.0,57.4,Africa,2024
Immigrants,Honduras,340,495.0,241.0,254.0,48.7,Central America,2024
Immigrants,Barbados,52,408.0,215.0,193.0,52.7,North America,2024
Immigrants,Iceland,352,403.0,203.0,200.0,50.4,Europe,2024
Immigrants,Swaziland,748,359.0,163.0,196.0,45.4,Africa,2024
Immigrants,Togo,768,351.0,159.0,192.0,45.3,Africa,2024
Immigrants,Madagascar,450,348.0,132.0,216.0,37.9,Africa,2024
Immigrants,Panama,591,344.0,153.0,191.0,44.5,Central America,2024
Immigrants,Luxembourg,442,322.0,154.0,168.0,47.8,Europe,2024
Immigrants,Dominican Republic,214,313.0,111.0,202.0,35.5,North America,2024
Immigrants,Bahamas,44,305.0,139.0,166.0,45.6,North America,2024
Immigrants,Tajikistan,762,241.0,89.0,152.0,36.9,Asia,2024
Immigrants,Puerto Rico,630,220.0,120.0,100.0,54.5,North America,2024
Immigrants,Réunion,638,211.0,95.0,116.0,45,Africa,2024
Immigrants,Djibouti,262,204.0,109.0,95.0,53.4,Africa,2024
Immigrants,Central African Republic,140,191.0,91.0,100.0,47.6,Africa,2024
Immigrants,Lesotho,426,157.0,75.0,82.0,47.8,Africa,2024
Immigrants,Curaçao,531,157.0,66.0,91.0,42,America,2024
Immigrants,Suriname,740,156.0,62.0,94.0,39.7,South America,2024
Immigrants,Turkmenistan,795,153.0,46.0,107.0,30.1,Asia,2024
Immigrants,Grenada,308,143.0,75.0,68.0,52.4,North America,2024
Immigrants,Guam,316,141.0,81.0,60.0,57.4,Oceania,2024
Immigrants,Gambia,270,141.0,87.0,54.0,61.7,Africa,2024
Immigrants,Haiti,332,130.0,68.0,62.0,52.3,North America,2024
Immigrants,Chad,148,110.0,62.0,48.0,56.4,Africa,2024
Immigrants,Benin,204,97.0,64.0,33.0,66,Africa,2024
Immigrants,Monaco,492,91.0,40.0,51.0,44,Europe,2024
Immigrants,Belize,84,80.0,32.0,48.0,40,Central America,2024
Immigrants,Saint Lucia,662,77.0,36.0,41.0,46.8,North America,2024
Immigrants,Aruba,533,70.0,22.0,48.0,31.4,North America,2024
Immigrants,Burkina Faso,854,68.0,29.0,39.0,42.6,Africa,2024
Immigrants,Antigua and Barbuda,28,61.0,30.0,31.0,49.2,North America,2024
Immigrants,Saint Vincent and the Grenadines,670,57.0,36.0,21.0,63.2,North America,2024
Immigrants,Gabon,266,57.0,30.0,27.0,52.6,Africa,2024
Immigrants,Mali,466,53.0,27.0,26.0,50.9,Africa,2024
Emigrants,United Kingdom,826,124319.0,66635.0,57684.0,53.6,Europe,2024
Emigrants,New Zealand,554,89129.0,42158.0,46971.0,47.3,Australia,2024
Emigrants,Canada,124,26777.0,14406.0,12371.0,53.8,North America,2024
Emigrants,Malta,470,22753.0,12469.0,10284.0,54.8,Europe,2024
Emigrants,Greece,300,21915.0,10256.0,11659.0,46.8,Europe,2024
Emigrants,Italy,380,18314.0,8040.0,10274.0,43.9,Europe,2024
Emigrants,Singapore,702,17222.0,9145.0,8077.0,53.1,Asia,2024
Emigrants,China,156,13927.0,6532.0,7395.0,46.9,Asia,2024
Emigrants,Japan,392,11962.0,8349.0,3613.0,69.8,Asia,2024
Emigrants,Ireland,372,11165.0,5605.0,5560.0,50.2,Europe,2024
Emigrants,"China, Hong Kong SAR",344,9809.0,4904.0,4905.0,50,Asia,2024
Emigrants,Papua New Guinea,598,9250.0,6290.0,2960.0,68,Oceania,2024
Emigrants,Israel,376,3987.0,2077.0,1910.0,52.1,Asia,2024
Emigrants,Denmark,208,3795.0,2034.0,1761.0,53.6,Europe,2024
Emigrants,Cyprus,196,3143.0,1537.0,1606.0,48.9,Asia,2024
Emigrants,Norway,578,2732.0,1667.0,1065.0,61,Europe,2024
Emigrants,South Africa,710,2653.0,1292.0,1361.0,48.7,Africa,2024
Emigrants,Malaysia,458,2432.0,1345.0,1087.0,55.3,Asia,2024
Emigrants,Poland,616,2079.0,1012.0,1067.0,48.7,Europe,2024
Emigrants,Fiji,242,1979.0,1065.0,914.0,53.8,Oceania,2024
Emigrants,Indonesia,360,1940.0,1036.0,904.0,53.4,Asia,2024
Emigrants,India,356,1769.0,913.0,856.0,51.6,Asia,2024
Emigrants,Portugal,620,1549.0,700.0,849.0,45.2,Europe,2024
Emigrants,Philippines,608,1489.0,1315.0,174.0,88.3,Asia,2024
Emigrants,Hungary,348,1470.0,803.0,667.0,54.6,Europe,2024
Emigrants,Finland,246,1466.0,927.0,539.0,63.2,Europe,2024
Emigrants,Croatia,191,1428.0,675.0,753.0,47.3,Europe,2024
Emigrants,Chile,152,1421.0,256.0,1165.0,18,South America,2024
Emigrants,Serbia,688,1084.0,562.0,522.0,51.8,Europe,2024
Emigrants,Egypt,818,1077.0,718.0,359.0,66.7,Africa,2024
Emigrants,Taiwan,158,931.0,654.0,277.0,70.2,Asia,2024
Emigrants,Libya,434,842.0,596.0,246.0,70.8,Africa,2024
Emigrants,Peru,604,837.0,468.0,369.0,55.9,South America,2024
Emigrants,Brazil,76,790.0,711.0,79.0,90,South America,2024
Emigrants,Colombia,170,761.0,498.0,263.0,65.4,South America,2024
Emigrants,Vanuatu,548,677.0,337.0,340.0,49.8,Oceania,2024
Emigrants,Argentina,32,659.0,284.0,375.0,43.1,South America,2024
Emigrants,Brunei Darussalam,96,599.0,330.0,269.0,55.1,Asia,2024
Emigrants,Namibia,516,594.0,233.0,361.0,39.2,Africa,2024
Emigrants,Mexico,484,566.0,333.0,233.0,58.8,North America,2024
Emigrants,Timor-Leste,626,547.0,340.0,207.0,62.2,Asia,2024
Emigrants,Panama,591,511.0,361.0,150.0,70.6,Central America,2024
Emigrants,Sri Lanka,144,479.0,235.0,244.0,49.1,Asia,2024
Emigrants,Slovakia,703,455.0,243.0,212.0,53.4,Europe,2024
Emigrants,Zambia,894,428.0,225.0,203.0,52.6,Africa,2024
Emigrants,Slovenia,705,422.0,234.0,188.0,55.5,Europe,2024
Emigrants,Botswana,72,413.0,201.0,212.0,48.7,Africa,2024
Emigrants,Bulgaria,100,406.0,226.0,180.0,55.7,Europe,2024
Emigrants,Luxembourg,442,332.0,159.0,173.0,47.9,Europe,2024
Emigrants,New Caledonia,540,285.0,107.0,178.0,37.5,Oceania,2024
Emigrants,Bolivia,68,282.0,156.0,126.0,55.3,South America,2024
Emigrants,Solomon Islands,90,266.0,150.0,116.0,56.4,Oceania,2024
Emigrants,Mongolia,496,262.0,148.0,114.0,56.5,Asia,2024
Emigrants,Iceland,352,260.0,139.0,121.0,53.5,Europe,2024
Emigrants,Samoa,882,258.0,144.0,114.0,55.8,Oceania,2024
Emigrants,Laos,418,230.0,163.0,67.0,70.9,Asia,2024
Emigrants,Estonia,233,225.0,153.0,72.0,68,Europe,2024
Emigrants,Uganda,800,210.0,98.0,112.0,46.7,Africa,2024
Emigrants,Dem. People's Republic of Korea,408,208.0,113.0,95.0,54.3,Asia,2024
Emigrants,Montenegro,499,135.0,46.0,89.0,34.1,Europe,2024
Emigrants,Venezuela,862,131.0,67.0,64.0,51.1,South America,2024
Emigrants,Cambodia,116,130.0,88.0,42.0,67.7,Asia,2024
Emigrants,Ecuador,218,105.0,56.0,49.0,53.3,South America,2024
Emigrants,Latvia,428,102.0,71.0,31.0,69.6,Europe,2024
Emigrants,Costa Rica,188,95.0,49.0,46.0,51.6,Central America,2024
Emigrants,Bahamas,44,93.0,49.0,44.0,52.7,North America,2024
Emigrants,Azerbaijan,31,91.0,43.0,48.0,47.3,Asia,2024
Emigrants,Kiribati,296,91.0,52.0,39.0,57.1,Oceania,2024
Emigrants,Maldives,462,90.0,81.0,9.0,90,Asia,2024
Emigrants,Guatemala,320,81.0,51.0,30.0,63,Central America,2024
Emigrants,French Polynesia,258,70.0,34.0,36.0,48.6,Oceania,2024
Emigrants,Lithuania,440,60.0,51.0,9.0,85,Europe,2024
Emigrants,Swaziland,748,55.0,33.0,22.0,60,Africa,2024
Emigrants,Seychelles,690,51.0,28.0,23.0,54.9,Africa,2024
Emigrants,Dominican Republic,214,44.0,30.0,14.0,68.2,North America,2024
Emigrants,Ghana,288,41.0,19.0,22.0,46.3,Africa,2024
Emigrants,Bhutan,64,28.0,24.0,4.0,85.7,Asia,2024
Emigrants,El Salvador,222,27.0,10.0,17.0,37,Central America,2024
Emigrants,Belarus,112,26.0,12.0,14.0,46.2,Europe,2024
Emigrants,Barbados,52,23.0,12.0,11.0,52.2,North America,2024
Emigrants,Central African Republic,140,11.0,7.0,4.0,63.6,Africa,2024
Emigrants,Saint Lucia,662,10.0,4.0,6.0,40,North America,2024
Emigrants,Guinea,324,8.0,7.0,1.0,87.5,Africa,2024
Emigrants,Antigua and Barbuda,28,6.0,4.0,2.0,66.7,North America,2024
